"NR_ZDARZENIA";"KATEGORIA";"DATA_UTWORZENIA";"DZIELNICA";"ULICA"
315469,00;"Zakłócanie";"2013-01-01 00:11:04";"BIELANY";"STEFANA  ŻEROMSKIEGO"
315471,00;"Bójka/Pobicie/Rozbój";"2013-01-01 00:13:27";"ŚRÓDMIEŚCIE";"MARSZAŁKOWSKA"
315473,00;"Zdrowie";"2013-01-01 00:15:17";"ŚRÓDMIEŚCIE";"WILCZA"
315477,00;"Zdrowie";"2013-01-01 00:17:53";"ŚRÓDMIEŚCIE";"CZERNIAKOWSKA"
315481,00;"Zdrowie";"2013-01-01 00:20:26";"WAWER";"BURSZTYNOWA"
315488,00;"Zdrowie";"2013-01-01 00:32:44";"ŚRÓDMIEŚCIE";"WSPÓLNA"
315495,00;"Zdrowie";"2013-01-01 00:50:38";"ŚRÓDMIEŚCIE";"MARSZAŁKOWSKA"
315497,00;"Zdrowie";"2013-01-01 00:52:20";"ŚRÓDMIEŚCIE";"PL. ZAMKOWY"
315501,00;"Zdrowie";"2013-01-01 00:59:10";"ŚRÓDMIEŚCIE";"PL. KONSTYTUCJI"
315502,00;"Zdrowie";"2013-01-01 01:02:12";"ŚRÓDMIEŚCIE";"MARSZAŁKOWSKA"
315503,00;"Zdrowie";"2013-01-01 01:03:37";"ŚRÓDMIEŚCIE";"MARSZAŁKOWSKA"
315504,00;"Zdrowie";"2013-01-01 01:04:46";"ŚRÓDMIEŚCIE";"NOWOGRODZKA"
315508,00;"Zdrowie";"2013-01-01 01:08:25";"ŚRÓDMIEŚCIE";"MOKOTOWSKA"
315514,00;"Zdrowie";"2013-01-01 01:16:29";"ŚRÓDMIEŚCIE";"HOŻA"
315515,00;"Zdrowie";"2013-01-01 01:17:33";"ŚRÓDMIEŚCIE";"TWARDA"
315516,00;"Zdrowie";"2013-01-01 01:21:03";"PRAGA POŁUDNIE";"GEN. TADEUSZA BORA-KOMOROWSKIEGO"
315517,00;"Zdrowie";"2013-01-01 01:21:04";"WŁOCHY";"KLESZCZOWA"
315518,00;"Zakłócanie";"2013-01-01 01:21:05";"ŚRÓDMIEŚCIE";"MARSZAŁKOWSKA"
315519,00;"Zdrowie";"2013-01-01 01:22:42";"URSUS";"POSAG 7 PANIEN"
315521,00;"Zdrowie";"2013-01-01 01:23:55";"WŁOCHY";"ŚLĄSKA"
315523,00;"Dewastacja";"2013-01-01 01:28:42";"ŚRÓDMIEŚCIE";"WSPÓLNA"
315526,00;"Dewastacja";"2013-01-01 01:36:48";"WOLA";"GÓRCZEWSKA"
315527,00;"Komunikacja";"2013-01-01 01:37:12";"PRAGA PÓŁNOC";"RADZYMIŃSKA"
315533,00;"Zdrowie";"2013-01-01 02:00:36";"WOLA";"AL. SOLIDARNOŚCI"
315538,00;"Zdrowie";"2013-01-01 02:07:49";"ŚRÓDMIEŚCIE";"WSPÓLNA"
315539,00;"Zdrowie";"2013-01-01 02:09:22";"PRAGA POŁUDNIE";"GRENADIERÓW"
315542,00;"Dewastacja";"2013-01-01 02:14:00";"ŚRÓDMIEŚCIE";"MARSZAŁKOWSKA"
315544,00;"Komunalne";"2013-01-01 02:19:24";"WOLA";"LEONARDA"
315549,00;"Cisza nocna";"2013-01-01 02:24:02";"ŚRÓDMIEŚCIE";"WIDOK"
315550,00;"Zdrowie";"2013-01-01 02:25:32";"PRAGA POŁUDNIE";"GEN. ROMANA ABRAHAMA"
315552,00;"Bójka/Pobicie/Rozbój";"2013-01-01 02:33:31";"WŁOCHY";"BOLESŁAWA CHROBREGO"
315556,00;"Zdrowie";"2013-01-01 02:41:29";"PRAGA PÓŁNOC";"JAGIELLOŃSKA"
315557,00;"Cisza nocna";"2013-01-01 02:46:03";"ŚRÓDMIEŚCIE";"PL. DEFILAD"
315559,00;"Zdrowie";"2013-01-01 02:49:51";"ŚRÓDMIEŚCIE";"KOSZYKOWA"
315560,00;"Zdrowie";"2013-01-01 02:54:29";"BIAŁOŁĘKA";"BIAŁOŁĘCKA"
315561,00;"Zdrowie";"2013-01-01 02:57:12";"BEMOWO";"GÓRCZEWSKA"
315563,00;"Zdrowie";"2013-01-01 03:02:42";"OCHOTA";"BARSKA"
315566,00;"Zdrowie";"2013-01-01 03:04:52";"ŚRÓDMIEŚCIE";"SOLEC"
315573,00;"Zdrowie";"2013-01-01 03:21:52";"ŚRÓDMIEŚCIE";"RYNEK STAREGO MIASTA"
315574,00;"Zdrowie";"2013-01-01 03:26:25";"URSYNÓW";"AL. KOMISJI EDUKACJI NARODOWEJ"
315575,00;"Zdrowie";"2013-01-01 03:28:45";"ŚRÓDMIEŚCIE";"KOSZYKOWA"
315578,00;"Zdrowie";"2013-01-01 03:43:07";"ŚRÓDMIEŚCIE";"KOSZYKOWA"
315583,00;"Zdrowie";"2013-01-01 04:05:47";"ŚRÓDMIEŚCIE";"PODWALE"
315584,00;"Zdrowie";"2013-01-01 04:11:24";"MOKOTÓW";"KMICICA"
315588,00;"Bójka/Pobicie/Rozbój";"2013-01-01 04:17:49";"ŚRÓDMIEŚCIE";"KREDYTOWA"
315594,00;"Bójka/Pobicie/Rozbój";"2013-01-01 04:39:51";"BEMOWO";"RADIOWA"
315597,00;"Zdrowie";"2013-01-01 04:55:52";"WOLA";"GÓRCZEWSKA"
315604,00;"Zakłócanie";"2013-01-01 05:12:29";"WOLA";"AL. SOLIDARNOŚCI"
315608,00;"Zdrowie";"2013-01-01 05:32:42";"ŚRÓDMIEŚCIE";"NOWOWIEJSKA"
315615,00;"Zdrowie";"2013-01-01 06:14:13";"URSYNÓW";"STANISŁAWA  KULCZYŃSKIEGO"
315620,00;"Zdrowie";"2013-01-01 06:57:47";"MOKOTÓW";"ANTONIEGO JÓZEFA  MADALIŃSKIEGO"
315623,00;"Awarie";"2013-01-01 07:20:25";"ŚRÓDMIEŚCIE";"PL. NA ROZDROŻU"
315624,00;"Komunalne";"2013-01-01 07:25:51";"WAWER";"HALKI"
315628,00;"Zdrowie";"2013-01-01 07:48:43";"TARGÓWEK";"TROCKA"
315629,00;"Zakłócanie";"2013-01-01 07:50:21";"TARGÓWEK";"WŁADYSŁAWA  SYROKOMLI"
315630,00;"Zdrowie";"2013-01-01 07:52:48";"PRAGA POŁUDNIE";"SUCHODOLSKA"
315631,00;"Postój/zatrzymanie";"2013-01-01 07:55:34";"PRAGA POŁUDNIE";"MIĘDZYNARODOWA"
315635,00;"Postój/zatrzymanie";"2013-01-01 08:05:28";"BIAŁOŁĘKA";"ODKRYTA"
315637,00;"Komunalne";"2013-01-01 08:11:58";"ŚRÓDMIEŚCIE";"WĄSKI DUNAJ"
315638,00;"Zdrowie";"2013-01-01 08:28:56";"WAWER";"SEZAM"
315641,00;"Awarie";"2013-01-01 08:32:52";"BIELANY";"STEFANA  ŻEROMSKIEGO"
315643,00;"Holowanie";"2013-01-01 08:37:49";"WOLA";"LEONARDA"
315648,00;"Zdrowie";"2013-01-01 08:59:25";"PRAGA POŁUDNIE";"KOBIELSKA"
315653,00;"Zdrowie";"2013-01-01 09:17:21";"REMBERTÓW";"GAWĘDZIARZY"
315654,00;"Zdrowie";"2013-01-01 09:18:23";"PRAGA POŁUDNIE";"GROCHOWSKA"
315659,00;"Zdrowie";"2013-01-01 09:49:05";"ŚRÓDMIEŚCIE";"MIKOŁAJA  KOPERNIKA"
315662,00;"Zdrowie";"2013-01-01 09:57:02";"BIAŁOŁĘKA";"MYŚLIBORSKA"
315666,00;"Zdrowie";"2013-01-01 10:07:41";"ŻOLIBORZ";"ZYGMUNTA  KRASIŃSKIEGO"
315667,00;"Zdrowie";"2013-01-01 10:13:54";"ŚRÓDMIEŚCIE";"ALEJE JEROZOLIMSKIE"
315668,00;"Zdrowie";"2013-01-01 10:14:16";"PRAGA POŁUDNIE";"GROCHOWSKA"
315670,00;"Zdrowie";"2013-01-01 10:23:16";"ŻOLIBORZ";"PRZASNYSKA"
315671,00;"Awarie";"2013-01-01 10:26:39";"PRAGA PÓŁNOC";"STRZELECKA"
315674,00;"Postój/zatrzymanie";"2013-01-01 10:43:03";"PRAGA POŁUDNIE";"WITOLIŃSKA"
315678,00;"Zdrowie";"2013-01-01 10:55:04";"URSYNÓW";"FILIPINY  PŁASKOWICKIEJ"
315679,00;"Zdrowie";"2013-01-01 11:03:57";"URSYNÓW";"ZWIĄZKU WALKI MŁODYCH"
315680,00;"Zdrowie";"2013-01-01 11:10:00";"ŚRÓDMIEŚCIE";"ALEJE JEROZOLIMSKIE"
315681,00;"Zwierzęta";"2013-01-01 11:10:00";"MOKOTÓW";"ŁYŻWIARSKA"
315682,00;"Zdrowie";"2013-01-01 11:11:15";"BIELANY";"WŁADYSŁAWA  BRONIEWSKIEGO"
315685,00;"Zdrowie";"2013-01-01 11:17:26";"TARGÓWEK";"POLESKA"
315688,00;"Zdrowie";"2013-01-01 11:25:24";"ŚRÓDMIEŚCIE";"AL. 3 MAJA"
315693,00;"Zdrowie";"2013-01-01 11:34:37";"PRAGA POŁUDNIE";"JANA  ZAMOYSKIEGO"
315694,00;"Postój/zatrzymanie";"2013-01-01 11:35:58";"TARGÓWEK";"ROZWADOWSKA"
315695,00;"Postój/zatrzymanie";"2013-01-01 11:38:35";"BIELANY";"ASPEKT"
315697,00;"Zdrowie";"2013-01-01 11:39:34";"PRAGA POŁUDNIE";"KINOWA"
315700,00;"Dewastacja";"2013-01-01 11:51:58";"BIELANY";"ŻUBROWA"
315703,00;"Zdrowie";"2013-01-01 11:54:13";"ŚRÓDMIEŚCIE";"KREDYTOWA"
315704,00;"Zdrowie";"2013-01-01 11:56:15";"PRAGA POŁUDNIE";"PARYSKA"
315705,00;"Handel";"2013-01-01 11:58:58";"ŚRÓDMIEŚCIE";"MIODOWA"
315707,00;"Zdrowie";"2013-01-01 12:05:07";"BIELANY";"RENESANSOWA"
315712,00;"Zdrowie";"2013-01-01 12:12:35";"PRAGA PÓŁNOC";"KIJOWSKA"
315713,00;"Zdrowie";"2013-01-01 12:13:05";"PRAGA POŁUDNIE";"KINOWA"
315714,00;"Handel";"2013-01-01 12:13:15";"ŚRÓDMIEŚCIE";"KRAKOWSKIE PRZEDMIEŚCIE"
315718,00;"Postój/zatrzymanie";"2013-01-01 12:23:29";"WŁOCHY";"KS. JULIANA  CHROŚCICKIEGO"
315719,00;"Zdrowie";"2013-01-01 12:26:37";"BIELANY";"WRZECIONO"
315721,00;"Postój/zatrzymanie";"2013-01-01 12:27:19";"WOLA";"CHŁODNA"
315723,00;"Komunalne";"2013-01-01 12:33:26";"WILANÓW";"DOSTATNIA"
315726,00;"Zdrowie";"2013-01-01 12:34:31";"TARGÓWEK";"TURMONCKA"
315728,00;"Zdrowie";"2013-01-01 12:43:05";"REMBERTÓW";"AL. KOMANDOSÓW"
315731,00;"Postój/zatrzymanie";"2013-01-01 12:49:49";"TARGÓWEK";"MŁODZIEŃCZA"
315733,00;"Zdrowie";"2013-01-01 12:52:53";"URSYNÓW";"PIĘCIOLINII"
315737,00;"Postój/zatrzymanie";"2013-01-01 13:05:49";"MOKOTÓW";"TYNIECKA"
315738,00;"Awarie";"2013-01-01 13:10:39";"URSYNÓW";"PUŁAWSKA"
315739,00;"Postój/zatrzymanie";"2013-01-01 13:12:12";"ŚRÓDMIEŚCIE";"ALEJE JEROZOLIMSKIE"
315742,00;"Zdrowie";"2013-01-01 13:15:36";"PRAGA POŁUDNIE";"GEN. TADEUSZA BORA-KOMOROWSKIEGO"
315748,00;"Zdrowie";"2013-01-01 13:19:26";"URSYNÓW";"PUSZCZYKA"
315749,00;"Holowanie";"2013-01-01 13:20:48";"WOLA";"WRONIA"
315749,00;"Postój/zatrzymanie";"2013-01-01 13:20:48";"WOLA";"WRONIA"
315750,00;"Zdrowie";"2013-01-01 13:21:16";"PRAGA POŁUDNIE";"AL. JERZEGO  WASZYNGTONA"
315753,00;"Zdrowie";"2013-01-01 13:27:19";"MOKOTÓW";"JANA SOBIESKIEGO"
315756,00;"Zwierzęta";"2013-01-01 13:34:10";"BIELANY";"JANA  KASPROWICZA"
315757,00;"Zdrowie";"2013-01-01 13:34:43";"BIAŁOŁĘKA";"MOCHTYŃSKA"
315762,00;"Postój/zatrzymanie";"2013-01-01 13:45:00";"PRAGA POŁUDNIE";"OSOWSKA"
315763,00;"Zakłócanie";"2013-01-01 13:46:56";"TARGÓWEK";"SUWALSKA"
315765,00;"Postój/zatrzymanie";"2013-01-01 13:53:02";"BIAŁOŁĘKA";"GŁĘBOCKA"
315769,00;"Zdrowie";"2013-01-01 14:01:11";"BIELANY";"JANA  KASPROWICZA"
315780,00;"Zdrowie";"2013-01-01 14:09:30";"ŚRÓDMIEŚCIE";"NOWOWIEJSKA"
315781,00;"Zdrowie";"2013-01-01 14:11:43";"MOKOTÓW";"POWSIŃSKA"
315783,00;"Zdrowie";"2013-01-01 14:13:17";"PRAGA PÓŁNOC";"AL. SOLIDARNOŚCI"
315787,00;"Przewóz osób";"2013-01-01 14:19:47";"WOLA";"JANA  DŁUGOSZA"
315794,00;"Postój/zatrzymanie";"2013-01-01 14:30:33";"URSYNÓW";"DERENIOWA"
315795,00;"Handel";"2013-01-01 14:30:38";"ŚRÓDMIEŚCIE";"PL. ZAMKOWY"
315797,00;"Komunalne";"2013-01-01 14:35:49";"MOKOTÓW";"WOŁOSKA"
315800,00;"Komunalne";"2013-01-01 14:41:14";"ŻOLIBORZ";"RAFAŁA  KRAJEWSKIEGO"
315811,00;"Komunikacja";"2013-01-01 14:57:44";"ŚRÓDMIEŚCIE";"GRZYBOWSKA"
315813,00;"Bójka/Pobicie/Rozbój";"2013-01-01 15:00:56";"URSUS";"WALEREGO  SŁAWKA"
315819,00;"Zwierzęta";"2013-01-01 15:05:46";"ŻOLIBORZ";"GDAŃSKA"
315822,00;"Zdrowie";"2013-01-01 15:13:54";"WILANÓW";"WIERTNICZA"
315823,00;"Zdrowie";"2013-01-01 15:15:11";"BEMOWO";"STANISŁAWA  KONARSKIEGO"
315825,00;"Handel";"2013-01-01 15:19:01";"MOKOTÓW";"JAWAHARLALA  NEHRU"
315826,00;"Zdrowie";"2013-01-01 15:19:48";"WOLA";"POŁCZYŃSKA"
315830,00;"Zdrowie";"2013-01-01 15:24:24";"MOKOTÓW";"BRONIWOJA"
315833,00;"Handel";"2013-01-01 15:34:14";"ŚRÓDMIEŚCIE";"KRAKOWSKIE PRZEDMIEŚCIE"
315836,00;"Zdrowie";"2013-01-01 15:41:53";"REMBERTÓW";"CHEŁMŻYŃSKA"
315837,00;"Postój/zatrzymanie";"2013-01-01 15:46:07";"WOLA";"ŻELAZNA"
315840,00;"Zdrowie";"2013-01-01 15:51:33";"ŚRÓDMIEŚCIE";"AL. SOLIDARNOŚCI"
315841,00;"Postój/zatrzymanie";"2013-01-01 15:51:40";"ŚRÓDMIEŚCIE";"NOWOLIPKI"
315846,00;"Zdrowie";"2013-01-01 16:03:15";"PRAGA PÓŁNOC";"AL. SOLIDARNOŚCI"
315847,00;"Zdrowie";"2013-01-01 16:10:16";"PRAGA POŁUDNIE";"GEN. LEOPOLDA OKULICKIEGO"
315855,00;"Zdrowie";"2013-01-01 16:25:44";"ŚRÓDMIEŚCIE";"NOWOWIEJSKA"
315856,00;"Handel";"2013-01-01 16:25:45";"ŚRÓDMIEŚCIE";"BRZOZOWA"
315861,00;"Zdrowie";"2013-01-01 16:40:13";"ŚRÓDMIEŚCIE";"PL. DEFILAD"
315862,00;"Zwierzęta";"2013-01-01 16:41:03";"ŚRÓDMIEŚCIE";"SOLEC"
315866,00;"Postój/zatrzymanie";"2013-01-01 16:44:14";"PRAGA POŁUDNIE";"DOBROWOJA"
315870,00;"Zakłócanie";"2013-01-01 16:47:53";"OCHOTA";"KAROLA  DICKENSA"
315872,00;"Przewóz osób";"2013-01-01 16:54:02";"BEMOWO";"ROMUALDA  MILLERA"
315877,00;"Postój/zatrzymanie";"2013-01-01 16:56:34";"ŚRÓDMIEŚCIE";"DŁUGA"
315888,00;"Zdrowie";"2013-01-01 17:15:14";"TARGÓWEK";"POLESKA"
315892,00;"Zakłócanie";"2013-01-01 17:28:17";"BIELANY";"TEODORA  DURACZA"
315894,00;"Zdrowie";"2013-01-01 17:30:00";"MOKOTÓW";"OKRĘŻNA"
315899,00;"Zdrowie";"2013-01-01 17:43:44";"TARGÓWEK";"SZYMONA  ASKENAZEGO"
315904,00;"Zdrowie";"2013-01-01 17:47:16";"TARGÓWEK";"CHODECKA"
315913,00;"Handel";"2013-01-01 18:05:36";"ŚRÓDMIEŚCIE";"KRAKOWSKIE PRZEDMIEŚCIE"
315918,00;"Przewóz osób";"2013-01-01 18:08:26";"PRAGA PÓŁNOC";"WRZESIŃSKA"
315919,00;"Postój/zatrzymanie";"2013-01-01 18:09:03";"OCHOTA";"KOPIŃSKA"
315923,00;"Zdrowie";"2013-01-01 18:17:03";"ŚRÓDMIEŚCIE";"GÓRNOŚLĄSKA"
315927,00;"Postój/zatrzymanie";"2013-01-01 18:26:01";"PRAGA PÓŁNOC";"JÓZEFA  NUSBAUMA"
315933,00;"Zdrowie";"2013-01-01 18:55:49";"ŚRÓDMIEŚCIE";"ŁAZIENKOWSKA"
315936,00;"Zdrowie";"2013-01-01 19:00:33";"MOKOTÓW";"STĘPIŃSKA"
315941,00;"Handel";"2013-01-01 19:05:13";"ŚRÓDMIEŚCIE";"KRAKOWSKIE PRZEDMIEŚCIE"
315946,00;"Zdrowie";"2013-01-01 19:11:00";"BIELANY";"WILLIAMA  SZEKSPIRA"
315952,00;"Postój/zatrzymanie";"2013-01-01 19:21:51";"ŚRÓDMIEŚCIE";"MOSTOWA"
315953,00;"Zdrowie";"2013-01-01 19:22:18";"BIELANY";"WŁADYSŁAWA  BRONIEWSKIEGO"
315959,00;"Zdrowie";"2013-01-01 19:35:12";"OCHOTA";"GRÓJECKA"
315961,00;"Zdrowie";"2013-01-01 19:36:24";"MOKOTÓW";"STWOSZA WITA"
315968,00;"Zdrowie";"2013-01-01 19:44:56";"TARGÓWEK";"TROCKA"
315971,00;"Zdrowie";"2013-01-01 19:50:13";"TARGÓWEK";"SUWALSKA"
315974,00;"Zdrowie";"2013-01-01 19:54:49";"PRAGA POŁUDNIE";"STANISŁAWA  ROGALSKIEGO"
315980,00;"Zdrowie";"2013-01-01 20:06:06";"ŻOLIBORZ";"KS. JERZEGO  POPIEŁUSZKI"
315982,00;"Postój/zatrzymanie";"2013-01-01 20:09:22";"WOLA";"KROCHMALNA"
315984,00;"Zdrowie";"2013-01-01 20:12:38";"ŚRÓDMIEŚCIE";"NOWOGRODZKA"
315986,00;"Nieletni";"2013-01-01 20:17:34";"TARGÓWEK";"ALEKSANDRA  GAJKOWICZA"
315998,00;"Zdrowie";"2013-01-01 20:36:25";"ŚRÓDMIEŚCIE";"NOWOLIPKI"
316004,00;"Zdrowie";"2013-01-01 20:43:00";"BIELANY";"JOSEPHA  CONRADA"
316005,00;"Zakłócanie";"2013-01-01 20:43:37";"ŚRÓDMIEŚCIE";"SMOLNA"
316007,00;"Zdrowie";"2013-01-01 20:44:28";"ŚRÓDMIEŚCIE";"MARSZAŁKOWSKA"
316010,00;"Zdrowie";"2013-01-01 20:55:57";"MOKOTÓW";"PUŁAWSKA"
316012,00;"Zakłócanie";"2013-01-01 21:05:10";"WOLA";"GÓRCZEWSKA"
316018,00;"Zdrowie";"2013-01-01 21:17:41";"ŚRÓDMIEŚCIE";"PL. DEFILAD"
316020,00;"Zdrowie";"2013-01-01 21:24:51";"WOLA";"PŁOCKA"
316021,00;"Zdrowie";"2013-01-01 21:27:45";"BIAŁOŁĘKA";"MYŚLIBORSKA"
316025,00;"Zdrowie";"2013-01-01 21:33:19";"BIAŁOŁĘKA";"MYŚLIBORSKA"
316026,00;"Czyny przestępcze";"2013-01-01 21:35:16";"BIELANY";"MARYMONCKA"
316027,00;"Zdrowie";"2013-01-01 21:35:22";"PRAGA PÓŁNOC";"RATUSZOWA"
316029,00;"Postój/zatrzymanie";"2013-01-01 21:39:12";"WILANÓW";"SARMACKA"
316033,00;"Awarie";"2013-01-01 21:45:09";"TARGÓWEK";"LUDWIKA  KONDRATOWICZA"
316037,00;"Zdrowie";"2013-01-01 21:53:04";"ŚRÓDMIEŚCIE";"ALEJE JEROZOLIMSKIE"
316039,00;"Zdrowie";"2013-01-01 22:01:11";"OCHOTA";"ALEJE JEROZOLIMSKIE"
316040,00;"Zdrowie";"2013-01-01 22:03:02";"WOLA";"TADEUSZA  KRĘPOWIECKIEGO"
316042,00;"Postój/zatrzymanie";"2013-01-01 22:11:09";"WILANÓW";"SARMACKA"
316043,00;"Postój/zatrzymanie";"2013-01-01 22:12:31";"URSYNÓW";"JANA  ROSOŁA"
316044,00;"Zdrowie";"2013-01-01 22:18:40";"PRAGA POŁUDNIE";"PŁOWIECKA"
316045,00;"Postój/zatrzymanie";"2013-01-01 22:23:16";"WOLA";"SOKOŁOWSKA"
316050,00;"Zdrowie";"2013-01-01 22:44:12";"ŚRÓDMIEŚCIE";"ALEJE JEROZOLIMSKIE"
316054,00;"Zdrowie";"2013-01-01 22:49:47";"PRAGA PÓŁNOC";"AL. SOLIDARNOŚCI"
316061,00;"Zdrowie";"2013-01-01 23:14:38";"ŚRÓDMIEŚCIE";"WIEJSKA"
316063,00;"Zdrowie";"2013-01-01 23:29:20";"ŚRÓDMIEŚCIE";"NOWOLIPKI"
316066,00;"Zakłócanie";"2013-01-01 23:44:59";"MOKOTÓW";"WOŁOSKA"
316067,00;"Zdrowie";"2013-01-01 23:46:52";"BIELANY";"JANA  KOCHANOWSKIEGO"
316069,00;"Zdrowie";"2013-01-01 23:55:08";"WOLA";"SOKOŁOWSKA"
316070,00;"Zdrowie";"2013-01-02 00:07:27";"WOLA";"MARCINA  KASPRZAKA"
316071,00;"Cisza nocna";"2013-01-02 00:25:53";"BIELANY";"JANA  KASPROWICZA"
316074,00;"Zdrowie";"2013-01-02 01:02:15";"PRAGA POŁUDNIE";"GROCHOWSKA"
316075,00;"Zdrowie";"2013-01-02 01:03:04";"MOKOTÓW";"MALCZEWSKIEGO ANTONIEGO"
316076,00;"Zdrowie";"2013-01-02 01:03:17";"PRAGA POŁUDNIE";"AL. JERZEGO  WASZYNGTONA"
316077,00;"Zakłócanie";"2013-01-02 01:13:58";"ŚRÓDMIEŚCIE";"PL. DEFILAD"
316080,00;"Zdrowie";"2013-01-02 02:22:18";"PRAGA POŁUDNIE";"SZASERÓW"
316083,00;"Zdrowie";"2013-01-02 03:16:06";"ŚRÓDMIEŚCIE";"PL. TRZECH KRZYŻY"
316084,00;"Zdrowie";"2013-01-02 03:18:49";"TARGÓWEK";"LUDWIKA  KONDRATOWICZA"
316085,00;"Przewóz osób";"2013-01-02 03:23:19";"WOLA";"NISKA"
316086,00;"Postój/zatrzymanie";"2013-01-02 03:39:11";"WOLA";"TADEUSZA  KRĘPOWIECKIEGO"
316089,00;"Zdrowie";"2013-01-02 04:04:17";"OCHOTA";"BITWY WARSZAWSKIEJ 1920 R."
316090,00;"Zdrowie";"2013-01-02 04:13:39";"OCHOTA";"ALEJE JEROZOLIMSKIE"
316092,00;"Zdrowie";"2013-01-02 04:50:33";"ŚRÓDMIEŚCIE";"29 LISTOPADA"
316098,00;"Zdrowie";"2013-01-02 06:48:48";"ŚRÓDMIEŚCIE";"AL. 3 MAJA"
316099,00;"Komunikacja";"2013-01-02 06:56:59";"ŚRÓDMIEŚCIE";"STAWKI"
316107,00;"Awarie";"2013-01-02 07:40:08";"TARGÓWEK";"BIEŻUŃSKA"
316108,00;"Awarie";"2013-01-02 07:44:33";"BIELANY";"STEFANA  ŻEROMSKIEGO"
316111,00;"Awarie";"2013-01-02 07:49:31";"BIELANY";"MARYMONCKA"
316113,00;"Zdrowie";"2013-01-02 07:53:47";"MOKOTÓW";"POWSIŃSKA"
316116,00;"Komunalne";"2013-01-02 07:59:50";"WAWER";"WOLNA"
316119,00;"Postój/zatrzymanie";"2013-01-02 08:05:48";"TARGÓWEK";"ALEKSANDRA  KOWALSKIEGO"
316121,00;"Postój/zatrzymanie";"2013-01-02 08:06:38";"URSYNÓW";"AL. KOMISJI EDUKACJI NARODOWEJ"
316122,00;"Postój/zatrzymanie";"2013-01-02 08:07:55";"BIELANY";"WOJCIECHA  BOGUSŁAWSKIEGO"
316123,00;"Komunalne";"2013-01-02 08:09:44";"BIELANY";"SŁODOWIEC"
316124,00;"Postój/zatrzymanie";"2013-01-02 08:10:26";"ŚRÓDMIEŚCIE";"DZIELNA"
316126,00;"Postój/zatrzymanie";"2013-01-02 08:12:21";"OCHOTA";"LUTNIOWA"
316128,00;"Postój/zatrzymanie";"2013-01-02 08:14:12";"PRAGA POŁUDNIE";"ZBARASKA"
316130,00;"Komunalne";"2013-01-02 08:14:34";"MOKOTÓW";"KRASNOŁĘCKA"
316134,00;"Zwierzęta";"2013-01-02 08:21:46";"BEMOWO";"STERNICZA"
316135,00;"Zdrowie";"2013-01-02 08:22:35";"MOKOTÓW";"PODCHORĄŻYCH"
316144,00;"Komunalne";"2013-01-02 08:31:55";"WŁOCHY";"1 SIERPNIA"
316146,00;"Postój/zatrzymanie";"2013-01-02 08:33:11";"WAWER";"AZALIOWA"
316148,00;"Komunalne";"2013-01-02 08:34:11";"ŻOLIBORZ";"WŁADYSŁAWA  BRONIEWSKIEGO"
316150,00;"Zwierzęta";"2013-01-02 08:37:12";"MOKOTÓW";"DOMANIEWSKA"
316153,00;"Postój/zatrzymanie";"2013-01-02 08:39:45";"MOKOTÓW";"OSKARA  LANGEGO"
316155,00;"Zwierzęta";"2013-01-02 08:42:16";"BIELANY";"WOJCIECHA  BOGUSŁAWSKIEGO"
316160,00;"Holowanie";"2013-01-02 08:46:08";"ŻOLIBORZ";"HANKI  CZAKI"
316160,00;"Postój/zatrzymanie";"2013-01-02 08:46:08";"ŻOLIBORZ";"HANKI  CZAKI"
316164,00;"Postój/zatrzymanie";"2013-01-02 08:50:37";"ŻOLIBORZ";"ZYGMUNTA  KRASIŃSKIEGO"
316166,00;"Postój/zatrzymanie";"2013-01-02 08:51:21";"ŚRÓDMIEŚCIE";"PL. BANKOWY"
316168,00;"Nieletni";"2013-01-02 08:52:09";"BIELANY";"GWIAŹDZISTA"
316169,00;"Nieletni";"2013-01-02 08:52:37";"PRAGA PÓŁNOC";"JAGIELLOŃSKA"
316170,00;"Zdrowie";"2013-01-02 08:53:13";"WOLA";"MŁOCIŃSKA"
316171,00;"Komunalne";"2013-01-02 08:54:19";"BEMOWO";"GABRIELA"
316172,00;"Awarie";"2013-01-02 08:56:04";"OCHOTA";"RASZYŃSKA"
316174,00;"Komunalne";"2013-01-02 08:57:03";"OCHOTA";"GEODETÓW"
316175,00;"Postój/zatrzymanie";"2013-01-02 08:59:26";"ŚRÓDMIEŚCIE";"AL. JANA CHRYSTIANA  SZUCHA"
316177,00;"Holowanie";"2013-01-02 09:05:17";"MOKOTÓW";"PUŁAWSKA"
316179,00;"Awarie";"2013-01-02 09:06:32";"URSYNÓW";"INDIRY  GANDHI"
316184,00;"Komunalne";"2013-01-02 09:10:07";"BIELANY";"BRĄZOWNICZA"
316185,00;"Komunalne";"2013-01-02 09:11:04";"WŁOCHY";"ZARANIE"
316186,00;"Zdrowie";"2013-01-02 09:11:50";"OCHOTA";"RACŁAWICKA"
316187,00;"Komunalne";"2013-01-02 09:12:34";"MOKOTÓW";"GŁOGOWA"
316189,00;"Komunalne";"2013-01-02 09:14:02";"BIELANY";"AL. WŁADYSŁAWA STANISŁAWA  REYMONTA"
316190,00;"Holowanie";"2013-01-02 09:14:32";"ŚRÓDMIEŚCIE";"DZIKA"
316190,00;"Postój/zatrzymanie";"2013-01-02 09:14:32";"ŚRÓDMIEŚCIE";"DZIKA"
316191,00;"Komunalne";"2013-01-02 09:16:11";"URSYNÓW";"AL. KOMISJI EDUKACJI NARODOWEJ"
316192,00;"Komunalne";"2013-01-02 09:19:35";"URSUS";"OBROŃCÓW HELU"
316193,00;"Zwierzęta";"2013-01-02 09:19:50";"BEMOWO";"WROCŁAWSKA"
316194,00;"Postój/zatrzymanie";"2013-01-02 09:20:15";"WOLA";"OGRODOWA"
316196,00;"Postój/zatrzymanie";"2013-01-02 09:22:15";"ŚRÓDMIEŚCIE";"AL. SOLIDARNOŚCI"
316200,00;"Komunalne";"2013-01-02 09:27:25";"ŻOLIBORZ";"WŁOŚCIAŃSKA"
316201,00;"Postój/zatrzymanie";"2013-01-02 09:27:40";"WILANÓW";"FRANCISZKA  KLIMCZAKA"
316203,00;"Postój/zatrzymanie";"2013-01-02 09:28:00";"TARGÓWEK";"KRASICZYŃSKA"
316204,00;"Komunalne";"2013-01-02 09:28:17";"WOLA";"WOLSKA"
316206,00;"Komunalne";"2013-01-02 09:33:12";"BIAŁOŁĘKA";"ŚWIATOWIDA"
316207,00;"Postój/zatrzymanie";"2013-01-02 09:33:31";"ŚRÓDMIEŚCIE";"LEONA  SCHILLERA"
316208,00;"Komunalne";"2013-01-02 09:33:48";"ŚRÓDMIEŚCIE";"FRANCISZKAŃSKA"
316209,00;"Zdrowie";"2013-01-02 09:34:30";"BIELANY";"WŁADYSŁAWA  BRONIEWSKIEGO"
316211,00;"Komunalne";"2013-01-02 09:35:21";"PRAGA POŁUDNIE";"GROCHOWSKA"
316214,00;"Awarie";"2013-01-02 09:37:00";"URSUS";"WALEREGO  SŁAWKA"
316215,00;"Komunalne";"2013-01-02 09:37:28";"PRAGA POŁUDNIE";"BUDRYSÓW"
316218,00;"Zdrowie";"2013-01-02 09:40:39";"URSUS";"MARIANA  KENIGA"
316223,00;"Postój/zatrzymanie";"2013-01-02 09:42:35";"ŚRÓDMIEŚCIE";"KOSZYKOWA"
316224,00;"Zdrowie";"2013-01-02 09:42:38";"ŚRÓDMIEŚCIE";"PL. DEFILAD"
316225,00;"Komunalne";"2013-01-02 09:43:37";"BIELANY";"DEWAJTIS"
316226,00;"Postój/zatrzymanie";"2013-01-02 09:44:02";"TARGÓWEK";"TURMONCKA"
316227,00;"Awarie";"2013-01-02 09:44:05";"WOLA";"BIAŁOWIEJSKA"
316232,00;"Komunalne";"2013-01-02 09:50:28";"OCHOTA";"WOLNEJ WSZECHNICY"
316233,00;"Postój/zatrzymanie";"2013-01-02 09:51:03";"BEMOWO";"JANA OLBRACHTA"
316235,00;"Komunalne";"2013-01-02 09:51:26";"BIELANY";"PRZY AGORZE"
316237,00;"Postój/zatrzymanie";"2013-01-02 09:51:29";"OCHOTA";"ALEJE JEROZOLIMSKIE"
316238,00;"Postój/zatrzymanie";"2013-01-02 09:51:44";"TARGÓWEK";"TURMONCKA"
316239,00;"Holowanie";"2013-01-02 09:52:54";"MOKOTÓW";"WYNALAZEK"
316239,00;"Postój/zatrzymanie";"2013-01-02 09:52:54";"MOKOTÓW";"WYNALAZEK"
316240,00;"Komunalne";"2013-01-02 09:53:00";"BIELANY";"SKALBMIERSKA"
316241,00;"Komunalne";"2013-01-02 09:55:10";"BIELANY";"WRZECIONO"
316242,00;"Postój/zatrzymanie";"2013-01-02 09:55:26";"WOLA";"SMOCZA"
316245,00;"Postój/zatrzymanie";"2013-01-02 10:00:09";"PRAGA POŁUDNIE";"MIŃSKA"
316246,00;"Komunalne";"2013-01-02 10:00:27";"BIELANY";"RENESANSOWA"
316248,00;"Komunalne";"2013-01-02 10:02:15";"BIELANY";"TADEUSZA  GAJCEGO"
316249,00;"Komunalne";"2013-01-02 10:04:43";"BIELANY";"PRZYTYK"
316251,00;"Postój/zatrzymanie";"2013-01-02 10:06:18";"TARGÓWEK";"WYBRAŃSKA"
316252,00;"Postój/zatrzymanie";"2013-01-02 10:06:20";"WESOŁA";"1 PRASKIEGO PUŁKU  (W)"
316254,00;"Komunalne";"2013-01-02 10:07:38";"BIELANY";"AL. WŁADYSŁAWA STANISŁAWA  REYMONTA"
316256,00;"Komunalne";"2013-01-02 10:08:33";"WAWER";"KRÓLA  MACIUSIA"
316258,00;"Holowanie";"2013-01-02 10:09:59";"PRAGA POŁUDNIE";"GARWOLIŃSKA"
316258,00;"Postój/zatrzymanie";"2013-01-02 10:09:59";"PRAGA POŁUDNIE";"GARWOLIŃSKA"
316260,00;"Postój/zatrzymanie";"2013-01-02 10:11:04";"BIELANY";"ARKUSZOWA"
316262,00;"Komunalne";"2013-01-02 10:12:04";"BIELANY";"AL. ZJEDNOCZENIA"
316264,00;"Postój/zatrzymanie";"2013-01-02 10:13:18";"ŚRÓDMIEŚCIE";"WIDOK"
316268,00;"Komunalne";"2013-01-02 10:14:45";"WOLA";"PŁOCKA"
316270,00;"Nieletni";"2013-01-02 10:15:10";"ŻOLIBORZ";"WŁADYSŁAWA  BRONIEWSKIEGO"
316273,00;"Komunalne";"2013-01-02 10:18:26";"MOKOTÓW";"BELWEDERSKA"
316275,00;"Zdrowie";"2013-01-02 10:21:44";"ŻOLIBORZ";"WŁADYSŁAWA  BRONIEWSKIEGO"
316276,00;"Holowanie";"2013-01-02 10:22:00";"MOKOTÓW";"WYNALAZEK"
316276,00;"Postój/zatrzymanie";"2013-01-02 10:22:00";"MOKOTÓW";"WYNALAZEK"
316277,00;"Komunalne";"2013-01-02 10:22:28";"BIELANY";"ASPEKT"
316278,00;"Komunalne";"2013-01-02 10:23:25";"BIELANY";"HANSA CHRISTIANA  ANDERSENA"
316279,00;"Komunalne";"2013-01-02 10:24:03";"URSYNÓW";"KABACKI DUKT"
316281,00;"Zdrowie";"2013-01-02 10:25:49";"BIELANY";"JANA  KASPROWICZA"
316282,00;"Postój/zatrzymanie";"2013-01-02 10:25:59";"MOKOTÓW";"SUWAK"
316283,00;"Zdrowie";"2013-01-02 10:26:01";"MOKOTÓW";"ARTURA  GROTTGERA"
316285,00;"Postój/zatrzymanie";"2013-01-02 10:30:05";"MOKOTÓW";"TAŚMOWA"
316287,00;"Nieletni";"2013-01-02 10:31:25";"ŚRÓDMIEŚCIE";"ZŁOTA"
316288,00;"Postój/zatrzymanie";"2013-01-02 10:32:19";"PRAGA POŁUDNIE";"MIĘDZYBORSKA"
316289,00;"Komunalne";"2013-01-02 10:33:17";"ŚRÓDMIEŚCIE";"PODWALE"
316290,00;"Komunalne";"2013-01-02 10:33:26";"WŁOCHY";"RĘKODZIELNICZA"
316293,00;"Zdrowie";"2013-01-02 10:35:07";"TARGÓWEK";"WŁADYSŁAWA  SYROKOMLI"
316294,00;"Postój/zatrzymanie";"2013-01-02 10:35:14";"ŚRÓDMIEŚCIE";"SŁUŻEWSKA"
316295,00;"Komunalne";"2013-01-02 10:35:48";"WAWER";"ALPEJSKA"
316297,00;"Holowanie";"2013-01-02 10:38:39";"ŚRÓDMIEŚCIE";"STAWKI"
316297,00;"Postój/zatrzymanie";"2013-01-02 10:38:39";"ŚRÓDMIEŚCIE";"STAWKI"
316298,00;"Postój/zatrzymanie";"2013-01-02 10:39:16";"WOLA";"KROCHMALNA"
316302,00;"Komunalne";"2013-01-02 10:40:09";"MOKOTÓW";"ARTURA  GROTTGERA"
316303,00;"Postój/zatrzymanie";"2013-01-02 10:42:31";"ŚRÓDMIEŚCIE";"LITEWSKA"
316305,00;"Komunalne";"2013-01-02 10:44:19";"WŁOCHY";"POPULARNA"
316309,00;"Komunalne";"2013-01-02 10:46:41";"WŁOCHY";"KS. JULIANA  CHROŚCICKIEGO"
316310,00;"Postój/zatrzymanie";"2013-01-02 10:48:00";"OCHOTA";"STEFANA  BANACHA"
316312,00;"Holowanie";"2013-01-02 10:48:36";"TARGÓWEK";"BAZYLIAŃSKA"
316317,00;"Holowanie";"2013-01-02 10:50:47";"TARGÓWEK";"BAZYLIAŃSKA"
316319,00;"Zdrowie";"2013-01-02 10:51:51";"URSYNÓW";"LEONIDA  TELIGI"
316323,00;"Holowanie";"2013-01-02 10:55:18";"WOLA";"ŁUCKA"
316323,00;"Postój/zatrzymanie";"2013-01-02 10:55:18";"WOLA";"ŁUCKA"
316324,00;"Postój/zatrzymanie";"2013-01-02 10:56:22";"ŚRÓDMIEŚCIE";"AL. SOLIDARNOŚCI"
316329,00;"Postój/zatrzymanie";"2013-01-02 10:59:20";"WOLA";"GÓRCZEWSKA"
316330,00;"Komunalne";"2013-01-02 10:59:22";"PRAGA POŁUDNIE";"GROSZOWICKA"
316334,00;"Komunalne";"2013-01-02 11:04:17";"MOKOTÓW";"BELWEDERSKA"
316336,00;"Zwierzęta";"2013-01-02 11:05:49";"WOLA";"CHŁODNA"
316337,00;"Komunalne";"2013-01-02 11:06:40";"ŻOLIBORZ";"POTOCKA"
316339,00;"Postój/zatrzymanie";"2013-01-02 11:07:06";"BEMOWO";"SYNÓW PUŁKU"
316340,00;"Komunalne";"2013-01-02 11:07:17";"PRAGA POŁUDNIE";"GROCHOWSKA"
316341,00;"Holowanie";"2013-01-02 11:07:28";"OCHOTA";"WINNICKA"
316342,00;"Holowanie";"2013-01-02 11:08:40";"MOKOTÓW";"DOMANIEWSKA"
316342,00;"Postój/zatrzymanie";"2013-01-02 11:08:40";"MOKOTÓW";"DOMANIEWSKA"
316343,00;"Awarie";"2013-01-02 11:08:52";"MOKOTÓW";"TAŚMOWA"
316345,00;"Holowanie";"2013-01-02 11:12:11";"PRAGA PÓŁNOC";"KS. IGNACEGO KŁOPOTOWSKIEGO"
316345,00;"Postój/zatrzymanie";"2013-01-02 11:12:11";"PRAGA PÓŁNOC";"KS. IGNACEGO KŁOPOTOWSKIEGO"
316346,00;"Zwierzęta";"2013-01-02 11:12:25";"URSUS";"ALEJE JEROZOLIMSKIE"
316347,00;"Zdrowie";"2013-01-02 11:12:28";"WOLA";"GÓRCZEWSKA"
316348,00;"Zdrowie";"2013-01-02 11:12:40";"BIELANY";"AL. WŁADYSŁAWA STANISŁAWA  REYMONTA"
316349,00;"Holowanie";"2013-01-02 11:12:51";"ŚRÓDMIEŚCIE";"ZYGMUNTA  SŁOMIŃSKIEGO"
316349,00;"Postój/zatrzymanie";"2013-01-02 11:12:51";"ŚRÓDMIEŚCIE";"ZYGMUNTA  SŁOMIŃSKIEGO"
316353,00;"Postój/zatrzymanie";"2013-01-02 11:18:12";"WOLA";"ŻELAZNA"
316355,00;"Nieletni";"2013-01-02 11:21:19";"ŚRÓDMIEŚCIE";"AL. JANA PAWŁA II"
316357,00;"Komunalne";"2013-01-02 11:22:36";"BIELANY";"SZEGEDYŃSKA"
316358,00;"Komunalne";"2013-01-02 11:22:39";"PRAGA POŁUDNIE";"LUBELSKA"
316359,00;"Holowanie";"2013-01-02 11:27:07";"WOLA";"GIEŁDOWA"
316359,00;"Postój/zatrzymanie";"2013-01-02 11:27:07";"WOLA";"GIEŁDOWA"
316360,00;"Postój/zatrzymanie";"2013-01-02 11:27:38";"URSYNÓW";"BELI  BARTOKA"
316362,00;"Komunalne";"2013-01-02 11:30:48";"WAWER";"FILMOWA"
316364,00;"Zdrowie";"2013-01-02 11:31:11";"PRAGA POŁUDNIE";"WŁADYSŁAWA  WITWICKIEGO"
316365,00;"Komunikacja";"2013-01-02 11:31:17";"PRAGA POŁUDNIE";"PL. PRZYMIERZA"
316367,00;"Zdrowie";"2013-01-02 11:31:59";"ŚRÓDMIEŚCIE";"NOWY ŚWIAT"
316369,00;"Postój/zatrzymanie";"2013-01-02 11:32:51";"WOLA";"AL. JANA PAWŁA II"
316371,00;"Postój/zatrzymanie";"2013-01-02 11:33:00";"WOLA";"DZIELNA"
316372,00;"Zdrowie";"2013-01-02 11:33:47";"BEMOWO";"POWSTAŃCÓW ŚLĄSKICH"
316376,00;"Postój/zatrzymanie";"2013-01-02 11:38:14";"ŚRÓDMIEŚCIE";"MOKOTOWSKA"
316377,00;"Holowanie";"2013-01-02 11:38:40";"MOKOTÓW";"POSTĘPU"
316377,00;"Postój/zatrzymanie";"2013-01-02 11:38:40";"MOKOTÓW";"POSTĘPU"
316389,00;"Komunikacja";"2013-01-02 11:52:31";"WOLA";"AL. JANA PAWŁA II"
316390,00;"Postój/zatrzymanie";"2013-01-02 11:54:57";"WAWER";"WALCOWNICZA"
316391,00;"Postój/zatrzymanie";"2013-01-02 11:56:24";"OCHOTA";"AL. NIEPODLEGŁOŚCI"
316393,00;"Komunalne";"2013-01-02 11:56:40";"MOKOTÓW";"RACŁAWICKA"
316395,00;"Postój/zatrzymanie";"2013-01-02 11:56:57";"OCHOTA";"SĘDZIOWSKA"
316401,00;"Postój/zatrzymanie";"2013-01-02 12:02:26";"WŁOCHY";"KLESZCZOWA"
316402,00;"Postój/zatrzymanie";"2013-01-02 12:04:14";"URSYNÓW";"STEFANA  KOPCIŃSKIEGO"
316403,00;"Postój/zatrzymanie";"2013-01-02 12:04:54";"WOLA";"AL. JANA PAWŁA II"
316404,00;"Komunalne";"2013-01-02 12:05:14";"WOLA";"OGRODOWA"
316405,00;"Holowanie";"2013-01-02 12:06:59";"ŚRÓDMIEŚCIE";"GRANICZNA"
316405,00;"Postój/zatrzymanie";"2013-01-02 12:06:59";"ŚRÓDMIEŚCIE";"GRANICZNA"
316407,00;"Holowanie";"2013-01-02 12:10:30";"ŚRÓDMIEŚCIE";"DZIKA"
316407,00;"Postój/zatrzymanie";"2013-01-02 12:10:30";"ŚRÓDMIEŚCIE";"DZIKA"
316408,00;"Postój/zatrzymanie";"2013-01-02 12:10:40";"ŚRÓDMIEŚCIE";"BAGATELA"
316411,00;"Komunalne";"2013-01-02 12:12:04";"WAWER";"ZABAWNA"
316412,00;"Postój/zatrzymanie";"2013-01-02 12:12:18";"ŚRÓDMIEŚCIE";"SMOLNA"
316417,00;"Zdrowie";"2013-01-02 12:15:07";"ŚRÓDMIEŚCIE";"MOSTOWA"
316418,00;"Komunalne";"2013-01-02 12:15:13";"WAWER";"ŻEGAŃSKA"
316419,00;"Komunalne";"2013-01-02 12:15:33";"MOKOTÓW";"TUCHLIŃSKA"
316423,00;"Postój/zatrzymanie";"2013-01-02 12:17:41";"PRAGA PÓŁNOC";"PL. GEN. JÓZEFA HALLERA"
316424,00;"Komunalne";"2013-01-02 12:17:51";"WAWER";"FILMOWA"
316426,00;"Komunalne";"2013-01-02 12:19:09";"WAWER";"OCHOCZA"
316430,00;"Komunalne";"2013-01-02 12:21:22";"BIELANY";"STEFANA  ŻEROMSKIEGO"
316432,00;"Postój/zatrzymanie";"2013-01-02 12:22:19";"ŚRÓDMIEŚCIE";"HOŻA"
316433,00;"Zakłócanie";"2013-01-02 12:22:22";"BIELANY";"MARII  DĄBROWSKIEJ"
316434,00;"Komunalne";"2013-01-02 12:22:24";"WAWER";"WOLNA"
316435,00;"Postój/zatrzymanie";"2013-01-02 12:22:54";"OCHOTA";"LUTNIOWA"
316438,00;"Postój/zatrzymanie";"2013-01-02 12:23:41";"BEMOWO";"HERY"
316439,00;"Komunalne";"2013-01-02 12:24:31";"WAWER";"AGRESTOWA"
316443,00;"Holowanie";"2013-01-02 12:26:54";"MOKOTÓW";"WYNALAZEK"
316443,00;"Postój/zatrzymanie";"2013-01-02 12:26:54";"MOKOTÓW";"WYNALAZEK"
316447,00;"Holowanie";"2013-01-02 12:30:06";"PRAGA POŁUDNIE";"GROSZOWICKA"
316447,00;"Postój/zatrzymanie";"2013-01-02 12:30:06";"PRAGA POŁUDNIE";"GROSZOWICKA"
316450,00;"Komunalne";"2013-01-02 12:34:53";"OCHOTA";"GRÓJECKA"
316452,00;"Holowanie";"2013-01-02 12:35:18";"MOKOTÓW";"RAKOWIECKA"
316452,00;"Postój/zatrzymanie";"2013-01-02 12:35:18";"MOKOTÓW";"RAKOWIECKA"
316453,00;"Postój/zatrzymanie";"2013-01-02 12:37:08";"ŚRÓDMIEŚCIE";"MARSZAŁKOWSKA"
316454,00;"Postój/zatrzymanie";"2013-01-02 12:38:04";"WOLA";"AL. SOLIDARNOŚCI"
316455,00;"Postój/zatrzymanie";"2013-01-02 12:38:07";"WAWER";"LAWINOWA"
316456,00;"Postój/zatrzymanie";"2013-01-02 12:39:07";"WILANÓW";"FRANCISZKA  KLIMCZAKA"
316457,00;"Postój/zatrzymanie";"2013-01-02 12:40:21";"ŚRÓDMIEŚCIE";"PARKOWA"
316458,00;"Komunalne";"2013-01-02 12:40:35";"OCHOTA";"KOPIŃSKA"
316460,00;"Komunalne";"2013-01-02 12:41:41";"BIELANY";"PRZY AGORZE"
316462,00;"Komunalne";"2013-01-02 12:43:43";"BIELANY";"JOSEPHA  CONRADA"
316464,00;"Postój/zatrzymanie";"2013-01-02 12:45:18";"PRAGA POŁUDNIE";"KOMORSKA"
316465,00;"Komunalne";"2013-01-02 12:45:23";"PRAGA PÓŁNOC";"WYBRZEŻE HELSKIE"
316466,00;"Komunalne";"2013-01-02 12:45:26";"OCHOTA";"SZCZĘŚLIWICKA"
316468,00;"Handel";"2013-01-02 12:46:31";"MOKOTÓW";"JANA SOBIESKIEGO"
316470,00;"Komunalne";"2013-01-02 12:48:16";"OCHOTA";"RASZYŃSKA"
316473,00;"Komunalne";"2013-01-02 12:50:08";"REMBERTÓW";"MOKRY ŁUG"
316474,00;"Postój/zatrzymanie";"2013-01-02 12:50:21";"ŚRÓDMIEŚCIE";"CHMIELNA"
316476,00;"Komunalne";"2013-01-02 12:51:37";"OCHOTA";"AL. NIEPODLEGŁOŚCI"
316478,00;"Postój/zatrzymanie";"2013-01-02 12:51:47";"ŚRÓDMIEŚCIE";"NISKA"
316479,00;"Postój/zatrzymanie";"2013-01-02 12:53:54";"PRAGA PÓŁNOC";"WENANTEGO  BURDZIŃSKIEGO"
316480,00;"Komunalne";"2013-01-02 12:54:57";"OCHOTA";"DRAWSKA"
316481,00;"Zdrowie";"2013-01-02 12:55:02";"TARGÓWEK";"RADZYMIŃSKA"
316482,00;"Komunalne";"2013-01-02 12:55:08";"PRAGA POŁUDNIE";"BESKIDZKA"
316484,00;"Holowanie";"2013-01-02 12:56:24";"ŚRÓDMIEŚCIE";"DZIKA"
316484,00;"Postój/zatrzymanie";"2013-01-02 12:56:24";"ŚRÓDMIEŚCIE";"DZIKA"
316485,00;"Komunalne";"2013-01-02 12:57:23";"PRAGA POŁUDNIE";"OSTROBRAMSKA"
316486,00;"Komunalne";"2013-01-02 12:57:37";"TARGÓWEK";"RADZYMIŃSKA"
316490,00;"Postój/zatrzymanie";"2013-01-02 12:59:43";"WOLA";"SOKOŁOWSKA"
316492,00;"Komunalne";"2013-01-02 13:00:32";"OCHOTA";"WŁADYSŁAWA  KOROTYŃSKIEGO"
316499,00;"Komunalne";"2013-01-02 13:01:50";"TARGÓWEK";"CODZIENNA"
316501,00;"Postój/zatrzymanie";"2013-01-02 13:02:02";"REMBERTÓW";"IGNACEGO  PADEREWSKIEGO"
316502,00;"Komunalne";"2013-01-02 13:02:44";"URSYNÓW";"KOKOSOWA"
316504,00;"Komunalne";"2013-01-02 13:03:16";"OCHOTA";"GEODETÓW"
316506,00;"Zdrowie";"2013-01-02 13:04:15";"ŚRÓDMIEŚCIE";"ZAJĘCZA"
316507,00;"Postój/zatrzymanie";"2013-01-02 13:04:34";"ŚRÓDMIEŚCIE";"PL. TEATRALNY"
316508,00;"Postój/zatrzymanie";"2013-01-02 13:05:14";"BIELANY";"JOSEPHA  CONRADA"
316509,00;"Komunalne";"2013-01-02 13:05:42";"OCHOTA";"WACŁAWA  SIERPIŃSKIEGO"
316510,00;"Postój/zatrzymanie";"2013-01-02 13:06:27";"ŚRÓDMIEŚCIE";"ALEJE JEROZOLIMSKIE"
316513,00;"Zdrowie";"2013-01-02 13:08:20";"ŻOLIBORZ";"JULIUSZA  SŁOWACKIEGO"
316517,00;"Holowanie";"2013-01-02 13:11:54";"MOKOTÓW";"POSTĘPU"
316517,00;"Postój/zatrzymanie";"2013-01-02 13:11:54";"MOKOTÓW";"POSTĘPU"
316518,00;"Postój/zatrzymanie";"2013-01-02 13:12:04";"MOKOTÓW";"ŚW. ANDRZEJA  BOBOLI"
316519,00;"Holowanie";"2013-01-02 13:12:12";"WILANÓW";"AL. WILANOWSKA"
316520,00;"Komunalne";"2013-01-02 13:12:12";"MOKOTÓW";"OPOCZYŃSKA"
316523,00;"Postój/zatrzymanie";"2013-01-02 13:14:04";"MOKOTÓW";"ANTONIEGO JÓZEFA  MADALIŃSKIEGO"
316524,00;"Zdrowie";"2013-01-02 13:14:46";"ŻOLIBORZ";"KS. TEOFILA BOGUCKIEGO"
316526,00;"Holowanie";"2013-01-02 13:14:57";"OCHOTA";"AL. NIEPODLEGŁOŚCI"
316526,00;"Postój/zatrzymanie";"2013-01-02 13:14:57";"OCHOTA";"AL. NIEPODLEGŁOŚCI"
316527,00;"Postój/zatrzymanie";"2013-01-02 13:15:04";"WOLA";"DZIELNA"
316531,00;"Komunalne";"2013-01-02 13:18:53";"PRAGA PÓŁNOC";"ŚW. CYRYLA I METODEGO"
316532,00;"Komunalne";"2013-01-02 13:19:09";"OCHOTA";"KAROLA  DICKENSA"
316534,00;"Awarie";"2013-01-02 13:20:09";"MOKOTÓW";"NAŁĘCZOWSKA"
316536,00;"Holowanie";"2013-01-02 13:21:07";"PRAGA POŁUDNIE";"AL. JERZEGO  WASZYNGTONA"
316536,00;"Postój/zatrzymanie";"2013-01-02 13:21:07";"PRAGA POŁUDNIE";"AL. JERZEGO  WASZYNGTONA"
316538,00;"Awarie";"2013-01-02 13:22:06";"OCHOTA";"FILTROWA"
316540,00;"Komunalne";"2013-01-02 13:23:32";"WOLA";"BURAKOWSKA"
316542,00;"Postój/zatrzymanie";"2013-01-02 13:24:23";"ŚRÓDMIEŚCIE";"ŻURAWIA"
316544,00;"Postój/zatrzymanie";"2013-01-02 13:28:47";"WOLA";"CIEPŁA"
316545,00;"Holowanie";"2013-01-02 13:28:58";"ŚRÓDMIEŚCIE";"DZIKA"
316545,00;"Postój/zatrzymanie";"2013-01-02 13:28:58";"ŚRÓDMIEŚCIE";"DZIKA"
316547,00;"Holowanie";"2013-01-02 13:32:12";"WOLA";"ŁUCKA"
316547,00;"Postój/zatrzymanie";"2013-01-02 13:32:12";"WOLA";"ŁUCKA"
316548,00;"Postój/zatrzymanie";"2013-01-02 13:32:26";"ŚRÓDMIEŚCIE";"FURMAŃSKA"
316549,00;"Postój/zatrzymanie";"2013-01-02 13:32:49";"TARGÓWEK";"ORŁOWSKA"
316550,00;"Komunalne";"2013-01-02 13:33:25";"WAWER";"MRÓWCZA"
316552,00;"Postój/zatrzymanie";"2013-01-02 13:35:32";"ŚRÓDMIEŚCIE";"FOKSAL"
316556,00;"Holowanie";"2013-01-02 13:38:04";"URSYNÓW";"BALETOWA"
316556,00;"Komunalne";"2013-01-02 13:38:04";"URSYNÓW";"BALETOWA"
316557,00;"Postój/zatrzymanie";"2013-01-02 13:38:06";"ŚRÓDMIEŚCIE";"FRASCATI"
316562,00;"Postój/zatrzymanie";"2013-01-02 13:44:20";"ŻOLIBORZ";"SADY ŻOLIBORSKIE"
316564,00;"Postój/zatrzymanie";"2013-01-02 13:46:46";"WAWER";"BURSZTYNOWA"
316565,00;"Postój/zatrzymanie";"2013-01-02 13:47:57";"WOLA";"AL. SOLIDARNOŚCI"
316566,00;"Postój/zatrzymanie";"2013-01-02 13:48:01";"URSUS";"WARSZAWSKA"
316567,00;"Holowanie";"2013-01-02 13:49:12";"MOKOTÓW";"DOMANIEWSKA"
316567,00;"Postój/zatrzymanie";"2013-01-02 13:49:12";"MOKOTÓW";"DOMANIEWSKA"
316569,00;"Postój/zatrzymanie";"2013-01-02 13:49:46";"ŚRÓDMIEŚCIE";"PL. TEATRALNY"
316572,00;"Holowanie";"2013-01-02 13:53:25";"WOLA";"ŁUCKA"
316572,00;"Postój/zatrzymanie";"2013-01-02 13:53:25";"WOLA";"ŁUCKA"
316573,00;"Postój/zatrzymanie";"2013-01-02 13:53:26";"ŚRÓDMIEŚCIE";"MARSZAŁKOWSKA"
316574,00;"Komunalne";"2013-01-02 13:53:46";"TARGÓWEK";"LUDWIKA  KONDRATOWICZA"
316576,00;"Postój/zatrzymanie";"2013-01-02 13:54:51";"BIAŁOŁĘKA";"STRUMYKOWA"
316577,00;"Postój/zatrzymanie";"2013-01-02 13:55:44";"WAWER";"ŻEGAŃSKA"
316578,00;"Holowanie";"2013-01-02 13:56:17";"ŚRÓDMIEŚCIE";"DZIELNA"
316578,00;"Postój/zatrzymanie";"2013-01-02 13:56:17";"ŚRÓDMIEŚCIE";"DZIELNA"
316579,00;"Komunalne";"2013-01-02 13:57:38";"BIELANY";"AL. ZJEDNOCZENIA"
316585,00;"Postój/zatrzymanie";"2013-01-02 14:03:20";"URSYNÓW";"NOWOURSYNOWSKA"
316586,00;"Zdrowie";"2013-01-02 14:03:38";"PRAGA PÓŁNOC";"ZĄBKOWSKA"
316591,00;"Postój/zatrzymanie";"2013-01-02 14:08:35";"WOLA";"PŁOCKA"
316598,00;"Komunalne";"2013-01-02 14:18:30";"OCHOTA";"ALEJE JEROZOLIMSKIE"
316600,00;"Zdrowie";"2013-01-02 14:21:55";"WAWER";"KRÓLA  MACIUSIA"
316601,00;"Holowanie";"2013-01-02 14:22:18";"ŚRÓDMIEŚCIE";"PL. GRZYBOWSKI"
316601,00;"Postój/zatrzymanie";"2013-01-02 14:22:18";"ŚRÓDMIEŚCIE";"PL. GRZYBOWSKI"
316602,00;"Postój/zatrzymanie";"2013-01-02 14:22:49";"TARGÓWEK";"PIOTRA  WYSOCKIEGO"
316603,00;"Postój/zatrzymanie";"2013-01-02 14:24:01";"ŚRÓDMIEŚCIE";"AL. JANA CHRYSTIANA  SZUCHA"
316604,00;"Holowanie";"2013-01-02 14:25:08";"MOKOTÓW";"WOŁOSKA"
316604,00;"Postój/zatrzymanie";"2013-01-02 14:25:08";"MOKOTÓW";"WOŁOSKA"
316607,00;"Zdrowie";"2013-01-02 14:27:20";"OCHOTA";"DOROTOWSKA"
316610,00;"Komunikacja";"2013-01-02 14:32:06";"ŻOLIBORZ";"PL. WOODROWA  WILSONA"
316611,00;"Holowanie";"2013-01-02 14:32:47";"MOKOTÓW";"WOŁOSKA"
316611,00;"Postój/zatrzymanie";"2013-01-02 14:32:47";"MOKOTÓW";"WOŁOSKA"
316614,00;"Postój/zatrzymanie";"2013-01-02 14:34:58";"ŚRÓDMIEŚCIE";"POLNA"
316617,00;"Bójka/Pobicie/Rozbój";"2013-01-02 14:38:39";"PRAGA PÓŁNOC";"OTWOCKA"
316623,00;"Zdrowie";"2013-01-02 14:44:11";"BEMOWO";"LAJOSA  KOSSUTHA"
316624,00;"Holowanie";"2013-01-02 14:44:16";"ŚRÓDMIEŚCIE";"DZIKA"
316624,00;"Postój/zatrzymanie";"2013-01-02 14:44:16";"ŚRÓDMIEŚCIE";"DZIKA"
316625,00;"Postój/zatrzymanie";"2013-01-02 14:44:56";"MOKOTÓW";"BOBROWIECKA"
316626,00;"Awarie";"2013-01-02 14:48:10";"URSUS";"KOLOROWA"
316629,00;"Postój/zatrzymanie";"2013-01-02 14:52:30";"PRAGA POŁUDNIE";"AFRYKAŃSKA"
316631,00;"Postój/zatrzymanie";"2013-01-02 14:53:17";"TARGÓWEK";"BARKOCIŃSKA"
316633,00;"Zdrowie";"2013-01-02 14:58:02";"WOLA";"OŻAROWSKA"
316634,00;"Awarie";"2013-01-02 14:58:35";"TARGÓWEK";"PRZEWOŹNIKÓW"
316638,00;"Holowanie";"2013-01-02 14:59:51";"MOKOTÓW";"DOMANIEWSKA"
316638,00;"Postój/zatrzymanie";"2013-01-02 14:59:51";"MOKOTÓW";"DOMANIEWSKA"
316641,00;"Zdrowie";"2013-01-02 15:00:58";"PRAGA POŁUDNIE";"LUBELSKA"
316643,00;"Komunikacja";"2013-01-02 15:01:13";"OCHOTA";"GRÓJECKA"
316644,00;"Holowanie";"2013-01-02 15:04:46";"ŚRÓDMIEŚCIE";"DZIELNA"
316644,00;"Postój/zatrzymanie";"2013-01-02 15:04:46";"ŚRÓDMIEŚCIE";"DZIELNA"
316648,00;"Zdrowie";"2013-01-02 15:08:17";"URSYNÓW";"BENEDYKTA  POLAKA"
316651,00;"Zdrowie";"2013-01-02 15:09:45";"WILANÓW";"PRZYCZÓŁKOWA"
316654,00;"Zdrowie";"2013-01-02 15:13:32";"REMBERTÓW";"CHEŁMŻYŃSKA"
316655,00;"Zdrowie";"2013-01-02 15:14:00";"MOKOTÓW";"TAŚMOWA"
316658,00;"Holowanie";"2013-01-02 15:15:46";"MOKOTÓW";"DOMANIEWSKA"
316658,00;"Postój/zatrzymanie";"2013-01-02 15:15:46";"MOKOTÓW";"DOMANIEWSKA"
316660,00;"Postój/zatrzymanie";"2013-01-02 15:18:43";"BIELANY";"ENCYKLOPEDYCZNA"
316663,00;"Komunalne";"2013-01-02 15:22:33";"PRAGA POŁUDNIE";"RONDO JERZEGO  WASZYNGTONA"
316664,00;"Komunalne";"2013-01-02 15:23:01";"BIAŁOŁĘKA";"MARYWILSKA"
316665,00;"Komunalne";"2013-01-02 15:24:03";"URSYNÓW";"JANA  ŻABIŃSKIEGO"
316668,00;"Postój/zatrzymanie";"2013-01-02 15:26:09";"PRAGA PÓŁNOC";"SZWEDZKA"
316670,00;"Postój/zatrzymanie";"2013-01-02 15:27:35";"WOLA";"PŁOCKA"
316672,00;"Komunikacja";"2013-01-02 15:30:34";"ŻOLIBORZ";"JULIUSZA  SŁOWACKIEGO"
316675,00;"Postój/zatrzymanie";"2013-01-02 15:37:45";"MOKOTÓW";"DOMANIEWSKA"
316676,00;"Awarie";"2013-01-02 15:40:17";"PRAGA POŁUDNIE";"WAWERSKA"
316677,00;"Zdrowie";"2013-01-02 15:40:18";"PRAGA PÓŁNOC";"WILEŃSKA"
316679,00;"Zdrowie";"2013-01-02 15:41:49";"WOLA";"AL. SOLIDARNOŚCI"
316680,00;"Holowanie";"2013-01-02 15:43:04";"ŚRÓDMIEŚCIE";"MARSZAŁKOWSKA"
316680,00;"Postój/zatrzymanie";"2013-01-02 15:43:04";"ŚRÓDMIEŚCIE";"MARSZAŁKOWSKA"
316681,00;"Komunalne";"2013-01-02 15:43:33";"ŚRÓDMIEŚCIE";"ANTONIEGO  GRABOWSKIEGO"
316683,00;"Komunalne";"2013-01-02 15:44:20";"MOKOTÓW";"ASFALTOWA"
316684,00;"Zdrowie";"2013-01-02 15:45:14";"PRAGA POŁUDNIE";"AL. ZIELENIECKA"
316688,00;"Postój/zatrzymanie";"2013-01-02 15:47:31";"MOKOTÓW";"BATUTY"
316689,00;"Holowanie";"2013-01-02 15:48:23";"ŚRÓDMIEŚCIE";"ZYGMUNTA  SŁOMIŃSKIEGO"
316689,00;"Postój/zatrzymanie";"2013-01-02 15:48:23";"ŚRÓDMIEŚCIE";"ZYGMUNTA  SŁOMIŃSKIEGO"
316691,00;"Zdrowie";"2013-01-02 15:49:44";"PRAGA PÓŁNOC";"TARGOWA"
316693,00;"Zdrowie";"2013-01-02 15:50:51";"ŚRÓDMIEŚCIE";"WIEJSKA"
316695,00;"Zdrowie";"2013-01-02 15:53:30";"URSYNÓW";"PRZY BAŻANTARNI"
316698,00;"Handel";"2013-01-02 15:58:19";"ŚRÓDMIEŚCIE";"MARSZAŁKOWSKA"
316700,00;"Zdrowie";"2013-01-02 15:58:52";"PRAGA POŁUDNIE";"JÓZEFA GRZEGORZA  CHŁOPICKIEGO"
316701,00;"Postój/zatrzymanie";"2013-01-02 16:00:15";"ŚRÓDMIEŚCIE";"NOWOWIEJSKA"
316704,00;"Zdrowie";"2013-01-02 16:03:06";"PRAGA PÓŁNOC";"BIAŁOSTOCKA"
316705,00;"Postój/zatrzymanie";"2013-01-02 16:03:39";"ŚRÓDMIEŚCIE";"ŚWIĘTOJERSKA"
316706,00;"Postój/zatrzymanie";"2013-01-02 16:03:43";"ŚRÓDMIEŚCIE";"ZGODA"
316707,00;"Holowanie";"2013-01-02 16:05:19";"PRAGA POŁUDNIE";"KOBIELSKA"
316707,00;"Postój/zatrzymanie";"2013-01-02 16:05:19";"PRAGA POŁUDNIE";"KOBIELSKA"
316708,00;"Komunalne";"2013-01-02 16:05:21";"WOLA";"ŻYTNIA"
316709,00;"Awarie";"2013-01-02 16:05:58";"PRAGA POŁUDNIE";"WSPÓLNA DROGA"
316711,00;"Postój/zatrzymanie";"2013-01-02 16:09:42";"WOLA";"ŻELAZNA"
316712,00;"Komunalne";"2013-01-02 16:09:52";"MOKOTÓW";"SPIRALNA"
316713,00;"Holowanie";"2013-01-02 16:10:27";"MOKOTÓW";"WAŁBRZYSKA"
316713,00;"Postój/zatrzymanie";"2013-01-02 16:10:27";"MOKOTÓW";"WAŁBRZYSKA"
316714,00;"Postój/zatrzymanie";"2013-01-02 16:11:23";"PRAGA POŁUDNIE";"ŁUKOWSKA"
316716,00;"Postój/zatrzymanie";"2013-01-02 16:13:39";"BIAŁOŁĘKA";"PASŁĘCKA"
316717,00;"Holowanie";"2013-01-02 16:14:34";"OCHOTA";"AL. NIEPODLEGŁOŚCI"
316717,00;"Postój/zatrzymanie";"2013-01-02 16:14:34";"OCHOTA";"AL. NIEPODLEGŁOŚCI"
316723,00;"Holowanie";"2013-01-02 16:17:33";"WOLA";"AL. JANA PAWŁA II"
316723,00;"Postój/zatrzymanie";"2013-01-02 16:17:33";"WOLA";"AL. JANA PAWŁA II"
316724,00;"Zdrowie";"2013-01-02 16:17:38";"MOKOTÓW";"AL. WILANOWSKA"
316725,00;"Zdrowie";"2013-01-02 16:18:46";"PRAGA PÓŁNOC";"AL. SOLIDARNOŚCI"
316729,00;"Postój/zatrzymanie";"2013-01-02 16:20:58";"WOLA";"ŻELAZNA"
316730,00;"Holowanie";"2013-01-02 16:21:02";"PRAGA POŁUDNIE";"WALECZNYCH"
316730,00;"Postój/zatrzymanie";"2013-01-02 16:21:02";"PRAGA POŁUDNIE";"WALECZNYCH"
316732,00;"Postój/zatrzymanie";"2013-01-02 16:23:07";"ŚRÓDMIEŚCIE";"MARSZAŁKOWSKA"
316735,00;"Holowanie";"2013-01-02 16:24:32";"ŚRÓDMIEŚCIE";"EMILII  PLATER"
316735,00;"Postój/zatrzymanie";"2013-01-02 16:24:32";"ŚRÓDMIEŚCIE";"EMILII  PLATER"
316737,00;"Awarie";"2013-01-02 16:27:51";"ŚRÓDMIEŚCIE";"STANISŁAWA  MONIUSZKI"
316738,00;"Postój/zatrzymanie";"2013-01-02 16:30:21";"WŁOCHY";"1 SIERPNIA"
316739,00;"Postój/zatrzymanie";"2013-01-02 16:30:49";"PRAGA PÓŁNOC";"TADEUSZA  KORSAKA"
316740,00;"Postój/zatrzymanie";"2013-01-02 16:30:50";"ŚRÓDMIEŚCIE";"KRAKOWSKIE PRZEDMIEŚCIE"
316743,00;"Awarie";"2013-01-02 16:33:29";"PRAGA POŁUDNIE";"KINOWA"
316744,00;"Postój/zatrzymanie";"2013-01-02 16:33:33";"WOLA";"AGAWY"
316745,00;"Zdrowie";"2013-01-02 16:34:19";"PRAGA POŁUDNIE";"LUDWIKA  KICKIEGO"
316748,00;"Postój/zatrzymanie";"2013-01-02 16:36:32";"WOLA";"GRZYBOWSKA"
316750,00;"Holowanie";"2013-01-02 16:38:57";"ŚRÓDMIEŚCIE";"MARSZAŁKOWSKA"
316750,00;"Postój/zatrzymanie";"2013-01-02 16:38:57";"ŚRÓDMIEŚCIE";"MARSZAŁKOWSKA"
316751,00;"Postój/zatrzymanie";"2013-01-02 16:39:19";"OCHOTA";"ALEJE JEROZOLIMSKIE"
316753,00;"Spożywanie alkoholu";"2013-01-02 16:40:29";"OCHOTA";"MOŁDAWSKA"
316754,00;"Postój/zatrzymanie";"2013-01-02 16:41:25";"ŚRÓDMIEŚCIE";"MARSZAŁKOWSKA"
316755,00;"Zdrowie";"2013-01-02 16:41:48";"MOKOTÓW";"AL. LOTNIKÓW"
316757,00;"Komunalne";"2013-01-02 16:44:11";"WAWER";"DERKACZY"
316760,00;"Postój/zatrzymanie";"2013-01-02 16:47:24";"BIAŁOŁĘKA";"STRUMYKOWA"
316761,00;"Zdrowie";"2013-01-02 16:48:38";"BIELANY";"PABLA  NERUDY"
316762,00;"Dewastacja";"2013-01-02 16:48:56";"PRAGA POŁUDNIE";"GROCHOWSKA"
316768,00;"Czyny przestępcze";"2013-01-02 16:55:55";"PRAGA PÓŁNOC";"AL. SOLIDARNOŚCI"
316772,00;"Postój/zatrzymanie";"2013-01-02 16:56:49";"URSYNÓW";"AL. KOMISJI EDUKACJI NARODOWEJ"
316774,00;"Postój/zatrzymanie";"2013-01-02 16:58:27";"ŚRÓDMIEŚCIE";"PL. POLITECHNIKI"
316779,00;"Holowanie";"2013-01-02 17:04:16";"WOLA";"ŁUCKA"
316779,00;"Postój/zatrzymanie";"2013-01-02 17:04:16";"WOLA";"ŁUCKA"
316781,00;"Komunikacja";"2013-01-02 17:08:10";"ŻOLIBORZ";"JULIUSZA  SŁOWACKIEGO"
316783,00;"Postój/zatrzymanie";"2013-01-02 17:11:22";"BIAŁOŁĘKA";"CERAMICZNA"
316786,00;"Zdrowie";"2013-01-02 17:13:20";"ŻOLIBORZ";"KS. JERZEGO  POPIEŁUSZKI"
316788,00;"Handel";"2013-01-02 17:14:56";"ŚRÓDMIEŚCIE";"PL. ZAMKOWY"
316789,00;"Zdrowie";"2013-01-02 17:16:50";"PRAGA PÓŁNOC";"WRZESIŃSKA"
316790,00;"Zdrowie";"2013-01-02 17:17:49";"PRAGA PÓŁNOC";"FLORIAŃSKA"
316791,00;"Zdrowie";"2013-01-02 17:18:32";"URSYNÓW";"DERENIOWA"
316794,00;"Postój/zatrzymanie";"2013-01-02 17:21:32";"PRAGA POŁUDNIE";"EUGENIUSZA  KWIATKOWSKIEGO"
316797,00;"Postój/zatrzymanie";"2013-01-02 17:23:40";"ŚRÓDMIEŚCIE";"WIDOK"
316798,00;"Komunalne";"2013-01-02 17:23:54";"PRAGA POŁUDNIE";"GROCHOWSKA"
316800,00;"Zdrowie";"2013-01-02 17:25:07";"WOLA";"JANA OLBRACHTA"
316801,00;"Zwierzęta";"2013-01-02 17:26:36";"PRAGA POŁUDNIE";"MAJDAŃSKA"
316802,00;"Awarie";"2013-01-02 17:28:35";"PRAGA POŁUDNIE";"IGAŃSKA"
316803,00;"Postój/zatrzymanie";"2013-01-02 17:31:11";"ŚRÓDMIEŚCIE";"PIĘKNA"
316805,00;"Holowanie";"2013-01-02 17:32:49";"PRAGA POŁUDNIE";"OSOWSKA"
316805,00;"Postój/zatrzymanie";"2013-01-02 17:32:49";"PRAGA POŁUDNIE";"OSOWSKA"
316806,00;"Zdrowie";"2013-01-02 17:36:17";"OCHOTA";"GRÓJECKA"
316807,00;"Komunikacja";"2013-01-02 17:37:13";"ŻOLIBORZ";"JULIUSZA  SŁOWACKIEGO"
316808,00;"Zdrowie";"2013-01-02 17:37:51";"ŚRÓDMIEŚCIE";"ZŁOTA"
316812,00;"Holowanie";"2013-01-02 17:39:01";"ŚRÓDMIEŚCIE";"DZIKA"
316812,00;"Postój/zatrzymanie";"2013-01-02 17:39:01";"ŚRÓDMIEŚCIE";"DZIKA"
316815,00;"Zwierzęta";"2013-01-02 17:40:20";"WILANÓW";"HOSERÓW"
316816,00;"Postój/zatrzymanie";"2013-01-02 17:41:14";"MOKOTÓW";"PUŁAWSKA"
316817,00;"Postój/zatrzymanie";"2013-01-02 17:41:35";"ŚRÓDMIEŚCIE";"AL. SOLIDARNOŚCI"
316819,00;"Zdrowie";"2013-01-02 17:42:36";"TARGÓWEK";"ŁABISZYŃSKA"
316822,00;"Komunikacja";"2013-01-02 17:45:35";"ŚRÓDMIEŚCIE";"AL. JANA PAWŁA II"
316824,00;"Czyny przestępcze";"2013-01-02 17:47:24";"PRAGA PÓŁNOC";"TARGOWA"
316825,00;"Zakłócanie";"2013-01-02 17:47:45";"PRAGA PÓŁNOC";"KIJOWSKA"
316829,00;"Postój/zatrzymanie";"2013-01-02 17:51:21";"OCHOTA";"ARCHIWALNA"
316830,00;"Holowanie";"2013-01-02 17:53:27";"PRAGA PÓŁNOC";"JAGIELLOŃSKA"
316830,00;"Postój/zatrzymanie";"2013-01-02 17:53:27";"PRAGA PÓŁNOC";"JAGIELLOŃSKA"
316833,00;"Postój/zatrzymanie";"2013-01-02 17:56:39";"ŚRÓDMIEŚCIE";"MARSZAŁKOWSKA"
316836,00;"Zdrowie";"2013-01-02 18:00:04";"OCHOTA";"STEFANA  BANACHA"
316838,00;"Postój/zatrzymanie";"2013-01-02 18:04:12";"WOLA";"GÓRCZEWSKA"
316840,00;"Komunalne";"2013-01-02 18:06:10";"PRAGA POŁUDNIE";"GROCHOWSKA"
316841,00;"Postój/zatrzymanie";"2013-01-02 18:07:13";"WAWER";"BURSZTYNOWA"
316844,00;"Holowanie";"2013-01-02 18:10:32";"ŚRÓDMIEŚCIE";"PL. GRZYBOWSKI"
316844,00;"Postój/zatrzymanie";"2013-01-02 18:10:32";"ŚRÓDMIEŚCIE";"PL. GRZYBOWSKI"
316848,00;"Holowanie";"2013-01-02 18:13:13";"ŚRÓDMIEŚCIE";"PODWALE"
316848,00;"Postój/zatrzymanie";"2013-01-02 18:13:13";"ŚRÓDMIEŚCIE";"PODWALE"
316850,00;"Holowanie";"2013-01-02 18:18:06";"WOLA";"WRONIA"
316850,00;"Postój/zatrzymanie";"2013-01-02 18:18:06";"WOLA";"WRONIA"
316858,00;"Zdrowie";"2013-01-02 18:27:44";"ŚRÓDMIEŚCIE";"WIEJSKA"
316861,00;"Postój/zatrzymanie";"2013-01-02 18:42:56";"REMBERTÓW";"IGNACEGO  PADEREWSKIEGO"
316867,00;"Postój/zatrzymanie";"2013-01-02 18:51:06";"BIAŁOŁĘKA";"GŁĘBOCKA"
316870,00;"Zdrowie";"2013-01-02 18:53:10";"OCHOTA";"STEFANA BATOREGO"
316871,00;"Awarie";"2013-01-02 18:53:40";"WOLA";"JANA  BROŻKA"
316874,00;"Postój/zatrzymanie";"2013-01-02 18:59:47";"WILANÓW";"KSIĘDZA PRYMASA AUGUSTA HLONDA"
316876,00;"Postój/zatrzymanie";"2013-01-02 19:03:00";"PRAGA PÓŁNOC";"JÓZEFA  SZANAJCY"
316877,00;"Holowanie";"2013-01-02 19:03:14";"ŚRÓDMIEŚCIE";"LUDNA"
316877,00;"Postój/zatrzymanie";"2013-01-02 19:03:14";"ŚRÓDMIEŚCIE";"LUDNA"
316878,00;"Handel";"2013-01-02 19:04:14";"ŚRÓDMIEŚCIE";"MARSZAŁKOWSKA"
316879,00;"Zdrowie";"2013-01-02 19:06:38";"WŁOCHY";"ZBOCZE"
316883,00;"Komunalne";"2013-01-02 19:13:47";"OCHOTA";"STEFANA BATOREGO"
316888,00;"Postój/zatrzymanie";"2013-01-02 19:23:18";"ŚRÓDMIEŚCIE";"GEN. WŁADYSŁAWA ANDERSA"
316889,00;"Zdrowie";"2013-01-02 19:25:48";"URSYNÓW";"PUŁAWSKA"
316890,00;"Postój/zatrzymanie";"2013-01-02 19:26:51";"ŚRÓDMIEŚCIE";"PODWALE"
316891,00;"Postój/zatrzymanie";"2013-01-02 19:27:45";"PRAGA POŁUDNIE";"CZECHOWICKA"
316895,00;"Awarie";"2013-01-02 19:29:57";"PRAGA POŁUDNIE";"OSOWSKA"
316896,00;"Zdrowie";"2013-01-02 19:30:14";"PRAGA POŁUDNIE";"GROCHOWSKA"
316900,00;"Awarie";"2013-01-02 19:31:47";"BIAŁOŁĘKA";"MŁAWSKA"
316904,00;"Komunalne";"2013-01-02 19:33:32";"WESOŁA";"SARENKI  (W)"
316905,00;"Zdrowie";"2013-01-02 19:33:57";"URSYNÓW";"EDWARDA  WARCHAŁOWSKIEGO"
316906,00;"Postój/zatrzymanie";"2013-01-02 19:37:18";"TARGÓWEK";"WYBORNA"
316907,00;"Zdrowie";"2013-01-02 19:37:50";"ŚRÓDMIEŚCIE";"NOWINIARSKA"
316913,00;"Postój/zatrzymanie";"2013-01-02 19:47:39";"ŚRÓDMIEŚCIE";"FRETA"
316917,00;"Postój/zatrzymanie";"2013-01-02 19:52:03";"ŚRÓDMIEŚCIE";"NOWOLIPKI"
316920,00;"Postój/zatrzymanie";"2013-01-02 19:56:22";"ŚRÓDMIEŚCIE";"RYNEK STAREGO MIASTA"
316925,00;"Zdrowie";"2013-01-02 20:02:20";"OCHOTA";"OPACZEWSKA"
316926,00;"Postój/zatrzymanie";"2013-01-02 20:02:57";"ŻOLIBORZ";"GEN. JÓZEFA ZAJĄCZKA"
316932,00;"Zdrowie";"2013-01-02 20:07:45";"WŁOCHY";"1 SIERPNIA"
316934,00;"Zdrowie";"2013-01-02 20:13:36";"ŚRÓDMIEŚCIE";"AL. SOLIDARNOŚCI"
316937,00;"Zdrowie";"2013-01-02 20:17:05";"ŻOLIBORZ";"KS. JERZEGO  POPIEŁUSZKI"
316938,00;"Zdrowie";"2013-01-02 20:17:16";"BIAŁOŁĘKA";"MYŚLIBORSKA"
316942,00;"Zwierzęta";"2013-01-02 20:20:32";"PRAGA POŁUDNIE";"KINOWA"
316943,00;"Awarie";"2013-01-02 20:24:36";"WAWER";"STYLOWA"
316949,00;"Postój/zatrzymanie";"2013-01-02 20:28:28";"BEMOWO";"SYNÓW PUŁKU"
316950,00;"Zdrowie";"2013-01-02 20:28:31";"WAWER";"ZORZY"
316953,00;"Zdrowie";"2013-01-02 20:30:31";"PRAGA POŁUDNIE";"GROCHOWSKA"
316954,00;"Zdrowie";"2013-01-02 20:31:30";"OCHOTA";"KAROLA  DICKENSA"
316956,00;"Postój/zatrzymanie";"2013-01-02 20:37:19";"ŚRÓDMIEŚCIE";"RYNEK NOWEGO MIASTA"
316959,00;"Zdrowie";"2013-01-02 20:40:03";"ŚRÓDMIEŚCIE";"WARECKA"
316964,00;"Zdrowie";"2013-01-02 20:44:46";"ŚRÓDMIEŚCIE";"RYNEK STAREGO MIASTA"
316966,00;"Dewastacja";"2013-01-02 20:47:48";"ŚRÓDMIEŚCIE";"MYŚLIWIECKA"
316967,00;"Postój/zatrzymanie";"2013-01-02 20:49:04";"PRAGA POŁUDNIE";"SAMOLOTOWA"
316977,00;"Zdrowie";"2013-01-02 20:59:50";"REMBERTÓW";"LISTONOSZY"
316978,00;"Komunalne";"2013-01-02 21:02:53";"URSUS";"WALEREGO  SŁAWKA"
316979,00;"Postój/zatrzymanie";"2013-01-02 21:04:12";"TARGÓWEK";"SUWALSKA"
316983,00;"Handel";"2013-01-02 21:08:39";"ŚRÓDMIEŚCIE";"MARSZAŁKOWSKA"
316984,00;"Zdrowie";"2013-01-02 21:09:36";"MOKOTÓW";"ZYGMUNTA  MODZELEWSKIEGO"
316988,00;"Postój/zatrzymanie";"2013-01-02 21:16:23";"PRAGA PÓŁNOC";"PL. GEN. JÓZEFA HALLERA"
316991,00;"Zdrowie";"2013-01-02 21:24:25";"ŚRÓDMIEŚCIE";"PL. DEFILAD"
316993,00;"Postój/zatrzymanie";"2013-01-02 21:27:18";"ŻOLIBORZ";"ADAMA  MICKIEWICZA"
316998,00;"Zdrowie";"2013-01-02 21:33:56";"WOLA";"GÓRCZEWSKA"
317000,00;"Zdrowie";"2013-01-02 21:36:13";"URSYNÓW";"AL. KOMISJI EDUKACJI NARODOWEJ"
317001,00;"Postój/zatrzymanie";"2013-01-02 21:36:27";"WAWER";"STOCZNIOWCÓW"
317003,00;"Zdrowie";"2013-01-02 21:39:21";"ŚRÓDMIEŚCIE";"TAMKA"
317005,00;"Zakłócanie";"2013-01-02 21:52:01";"PRAGA POŁUDNIE";"ZAMIENIECKA"
317009,00;"Zdrowie";"2013-01-02 22:01:26";"ŚRÓDMIEŚCIE";"PL. DEFILAD"
317010,00;"Postój/zatrzymanie";"2013-01-02 22:01:53";"WOLA";"GÓRCZEWSKA"
317011,00;"Zdrowie";"2013-01-02 22:03:07";"ŚRÓDMIEŚCIE";"ALEJE JEROZOLIMSKIE"
317017,00;"Zdrowie";"2013-01-02 22:18:38";"PRAGA POŁUDNIE";"GEN. TADEUSZA BORA-KOMOROWSKIEGO"
317019,00;"Postój/zatrzymanie";"2013-01-02 22:20:28";"WOLA";"LUDWIKI"
317020,00;"Zdrowie";"2013-01-02 22:25:20";"ŚRÓDMIEŚCIE";"ALEJE JEROZOLIMSKIE"
317022,00;"Zdrowie";"2013-01-02 22:29:35";"OCHOTA";"ALEJE JEROZOLIMSKIE"
317024,00;"Zdrowie";"2013-01-02 22:32:27";"ŚRÓDMIEŚCIE";"SMOLNA"
317026,00;"Zdrowie";"2013-01-02 22:33:51";"TARGÓWEK";"CHODECKA"
317027,00;"Zdrowie";"2013-01-02 22:34:17";"ŚRÓDMIEŚCIE";"ALEJE JEROZOLIMSKIE"
317029,00;"Zdrowie";"2013-01-02 22:37:20";"BIELANY";"KWITNĄCA"
317030,00;"Zdrowie";"2013-01-02 22:37:52";"WŁOCHY";"AL. KRAKOWSKA"
317031,00;"Zdrowie";"2013-01-02 22:39:48";"URSUS";"GEN. KAZIMIERZA SOSNKOWSKIEGO"
317035,00;"Zdrowie";"2013-01-02 22:54:54";"MOKOTÓW";"ZYGMUNTA  MODZELEWSKIEGO"
317036,00;"Zdrowie";"2013-01-02 22:54:59";"MOKOTÓW";"ANTONIEGO EDWARDA  ODYŃCA"
317039,00;"Zdrowie";"2013-01-02 23:03:44";"ŚRÓDMIEŚCIE";"STEFANA BATOREGO"
317040,00;"Awarie";"2013-01-02 23:04:10";"ŚRÓDMIEŚCIE";"HOŻA"
317042,00;"Zdrowie";"2013-01-02 23:05:52";"ŚRÓDMIEŚCIE";"WSPÓLNA"
317045,00;"Zakłócanie";"2013-01-02 23:06:48";"ŚRÓDMIEŚCIE";"STEFANA BATOREGO"
317046,00;"Zdrowie";"2013-01-02 23:09:09";"ŚRÓDMIEŚCIE";"NOWOWIEJSKA"
317047,00;"Zdrowie";"2013-01-02 23:09:30";"ŚRÓDMIEŚCIE";"WARECKA"
317052,00;"Zdrowie";"2013-01-02 23:13:46";"WAWER";"AL. DZIECI POLSKICH"
317053,00;"Spożywanie alkoholu";"2013-01-02 23:14:01";"BEMOWO";"BABOROWSKA"
317053,00;"Zdrowie";"2013-01-02 23:14:01";"BEMOWO";"BABOROWSKA"
317054,00;"Zdrowie";"2013-01-02 23:20:12";"PRAGA POŁUDNIE";"AL. JERZEGO  WASZYNGTONA"
317055,00;"Zdrowie";"2013-01-02 23:23:01";"OCHOTA";"WAWELSKA"
317058,00;"Zdrowie";"2013-01-02 23:27:32";"PRAGA PÓŁNOC";"ZĄBKOWSKA"
317061,00;"Zdrowie";"2013-01-02 23:32:26";"BEMOWO";"POWSTAŃCÓW ŚLĄSKICH"
317062,00;"Zdrowie";"2013-01-02 23:32:28";"URSYNÓW";"WAWRZYŃCA  SUROWIECKIEGO"
317063,00;"Komunalne";"2013-01-02 23:36:23";"ŚRÓDMIEŚCIE";"WSPÓLNA"
317066,00;"Cisza nocna";"2013-01-02 23:52:56";"PRAGA POŁUDNIE";"MIĘDZYBORSKA"
317067,00;"Komunalne";"2013-01-02 23:54:39";"PRAGA PÓŁNOC";"KIJOWSKA"
317068,00;"Zdrowie";"2013-01-02 23:55:20";"PRAGA POŁUDNIE";"KINOWA"
317069,00;"Zdrowie";"2013-01-03 00:11:12";"BEMOWO";"GÓRCZEWSKA"
317070,00;"Zdrowie";"2013-01-03 00:15:12";"URSUS";"SOSNKOWSKIEGO KAZIMIERZA, GEN."
317072,00;"Zdrowie";"2013-01-03 00:18:23";"ŻOLIBORZ";"TUCHOLSKA"
317073,00;"Zdrowie";"2013-01-03 00:22:35";"PRAGA POŁUDNIE";"PŁOWIECKA"
317075,00;"Zdrowie";"2013-01-03 00:38:20";"PRAGA PÓŁNOC";"JAGIELLOŃSKA"
317076,00;"Komunalne";"2013-01-03 00:39:18";"PRAGA POŁUDNIE";"OLSZYNKI GROCHOWSKIEJ"
317077,00;"Zdrowie";"2013-01-03 00:45:39";"PRAGA POŁUDNIE";"GROCHOWSKA"
317078,00;"Nieletni";"2013-01-03 00:48:21";"MOKOTÓW";"ŚW. BONIFACEGO"
317080,00;"Zakłócanie";"2013-01-03 01:09:24";"ŚRÓDMIEŚCIE";"WSPÓLNA"
317081,00;"Postój/zatrzymanie";"2013-01-03 01:16:49";"WOLA";"AL. JANA PAWŁA II"
317083,00;"Zdrowie";"2013-01-03 01:18:39";"PRAGA POŁUDNIE";"AL. JERZEGO  WASZYNGTONA"
317085,00;"Zdrowie";"2013-01-03 01:39:01";"WOLA";"MARCINA  KASPRZAKA"
317086,00;"Zdrowie";"2013-01-03 01:45:03";"PRAGA POŁUDNIE";"GROCHOWSKA"
317089,00;"Zdrowie";"2013-01-03 02:08:49";"ŚRÓDMIEŚCIE";"ALEJE JEROZOLIMSKIE"
317092,00;"Zdrowie";"2013-01-03 03:09:19";"WAWER";"ANTENOWA"
317093,00;"Zdrowie";"2013-01-03 03:22:50";"PRAGA PÓŁNOC";"KIJOWSKA"
317099,00;"Zdrowie";"2013-01-03 05:30:58";"WŁOCHY";"ŻWIRKI I WIGURY"
317100,00;"Zdrowie";"2013-01-03 05:43:50";"ŚRÓDMIEŚCIE";"KREDYTOWA"
317101,00;"Postój/zatrzymanie";"2013-01-03 05:56:47";"BIAŁOŁĘKA";"PASŁĘCKA"
317104,00;"Zdrowie";"2013-01-03 06:36:56";"TARGÓWEK";"KRASICZYŃSKA"
317105,00;"Awarie";"2013-01-03 06:45:03";"BIELANY";"JANA  KASPROWICZA"
317110,00;"Postój/zatrzymanie";"2013-01-03 07:34:28";"URSYNÓW";"BRACI WAGÓW"
317111,00;"Postój/zatrzymanie";"2013-01-03 07:36:39";"URSYNÓW";"STEFANA  SZOLC-ROGOZIŃSKIEGO"
317113,00;"Komunalne";"2013-01-03 07:46:32";"WOLA";"SŁODOWIECKA"
317119,00;"Postój/zatrzymanie";"2013-01-03 08:01:18";"OCHOTA";"GRÓJECKA"
317120,00;"Awarie";"2013-01-03 08:02:22";"MOKOTÓW";"TENISOWA"
317121,00;"Postój/zatrzymanie";"2013-01-03 08:04:00";"ŚRÓDMIEŚCIE";"AL. SOLIDARNOŚCI"
317123,00;"Komunalne";"2013-01-03 08:06:55";"ŚRÓDMIEŚCIE";"NOWOGRODZKA"
317125,00;"Komunikacja";"2013-01-03 08:08:34";"BIELANY";"JOSEPHA  CONRADA"
317126,00;"Komunalne";"2013-01-03 08:09:03";"BIELANY";"SZEGEDYŃSKA"
317129,00;"Postój/zatrzymanie";"2013-01-03 08:11:27";"WOLA";"MŁYNARSKA"
317132,00;"Postój/zatrzymanie";"2013-01-03 08:13:44";"BIELANY";"WOJCIECHA  BOGUSŁAWSKIEGO"
317135,00;"Holowanie";"2013-01-03 08:16:03";"MOKOTÓW";"KORCZYŃSKA"
317140,00;"Postój/zatrzymanie";"2013-01-03 08:21:38";"MOKOTÓW";"BOBROWIECKA"
317141,00;"Postój/zatrzymanie";"2013-01-03 08:21:50";"BIAŁOŁĘKA";"CHRISTA  BOTEWA"
317142,00;"Postój/zatrzymanie";"2013-01-03 08:22:11";"WAWER";"CZELADNICZA"
317143,00;"Zdrowie";"2013-01-03 08:22:56";"PRAGA POŁUDNIE";"SYLWESTRA  BARTOSIKA"
317145,00;"Komunalne";"2013-01-03 08:24:18";"BIELANY";"JOSEPHA  CONRADA"
317146,00;"Postój/zatrzymanie";"2013-01-03 08:24:44";"PRAGA POŁUDNIE";"SASKA"
317147,00;"Postój/zatrzymanie";"2013-01-03 08:25:56";"PRAGA PÓŁNOC";"WENANTEGO  BURDZIŃSKIEGO"
317156,00;"Awarie";"2013-01-03 08:32:37";"PRAGA POŁUDNIE";"GOCŁAWSKA"
317158,00;"Postój/zatrzymanie";"2013-01-03 08:33:59";"PRAGA POŁUDNIE";"SASKA"
317160,00;"Holowanie";"2013-01-03 08:34:56";"TARGÓWEK";"KRASNOBRODZKA"
317161,00;"Komunalne";"2013-01-03 08:36:30";"OCHOTA";"ARCHIWALNA"
317162,00;"Komunalne";"2013-01-03 08:36:52";"URSUS";"KOMPANII ""KORDIAN"""
317165,00;"Komunalne";"2013-01-03 08:39:07";"BIAŁOŁĘKA";"MYŚLIBORSKA"
317166,00;"Zdrowie";"2013-01-03 08:39:48";"MOKOTÓW";"OKRĘŻNA"
317168,00;"Zwierzęta";"2013-01-03 08:40:15";"BIELANY";"GWIAŹDZISTA"
317169,00;"Postój/zatrzymanie";"2013-01-03 08:42:02";"OCHOTA";"ALEJE JEROZOLIMSKIE"
317170,00;"Postój/zatrzymanie";"2013-01-03 08:42:59";"BIELANY";"WOJCIECHA  BOGUSŁAWSKIEGO"
317171,00;"Komunalne";"2013-01-03 08:43:07";"MOKOTÓW";"OBRZEŻNA"
317172,00;"Komunalne";"2013-01-03 08:43:50";"PRAGA POŁUDNIE";"STANISŁAWA  MIKOŁAJCZYKA"
317173,00;"Nieletni";"2013-01-03 08:44:41";"MOKOTÓW";"KRASNOŁĘCKA"
317173,00;"Zdrowie";"2013-01-03 08:44:41";"MOKOTÓW";"KRASNOŁĘCKA"
317175,00;"Postój/zatrzymanie";"2013-01-03 08:46:25";"WŁOCHY";"AL. KRAKOWSKA"
317176,00;"Zdrowie";"2013-01-03 08:46:48";"WOLA";"KAROLKOWA"
317180,00;"Komunalne";"2013-01-03 08:49:45";"ŚRÓDMIEŚCIE";"KARMELICKA"
317182,00;"Komunalne";"2013-01-03 08:52:32";"MOKOTÓW";"PRZY BERNARDYŃSKIEJ WODZIE"
317183,00;"Komunikacja";"2013-01-03 08:52:47";"WOLA";"MARCINA  KASPRZAKA"
317184,00;"Komunalne";"2013-01-03 08:53:08";"MOKOTÓW";"POWSIŃSKA"
317186,00;"Postój/zatrzymanie";"2013-01-03 08:53:24";"WŁOCHY";"1 SIERPNIA"
317187,00;"Komunalne";"2013-01-03 08:54:08";"REMBERTÓW";"CHEŁMŻYŃSKA"
317188,00;"Komunalne";"2013-01-03 08:54:23";"WAWER";"HAFCIARSKA"
317190,00;"Komunalne";"2013-01-03 08:55:39";"REMBERTÓW";"ZESŁAŃCÓW POLSKICH"
317191,00;"Komunalne";"2013-01-03 08:57:31";"REMBERTÓW";"IGNACEGO  PADEREWSKIEGO"
317192,00;"Postój/zatrzymanie";"2013-01-03 08:57:56";"WAWER";"AZALIOWA"
317194,00;"Zdrowie";"2013-01-03 08:58:43";"OCHOTA";"AL. NIEPODLEGŁOŚCI"
317196,00;"Komunalne";"2013-01-03 08:59:03";"REMBERTÓW";"CZERWONYCH BERETÓW"
317204,00;"Postój/zatrzymanie";"2013-01-03 09:00:47";"MOKOTÓW";"TAŚMOWA"
317205,00;"Postój/zatrzymanie";"2013-01-03 09:00:54";"WŁOCHY";"FRANCISZKA  HYNKA"
317206,00;"Zwierzęta";"2013-01-03 09:01:16";"BIELANY";"JANA  KASPROWICZA"
317208,00;"Nieletni";"2013-01-03 09:02:12";"WOLA";"ŻELAZNA"
317209,00;"Zdrowie";"2013-01-03 09:02:45";"ŚRÓDMIEŚCIE";"PIĘKNA"
317216,00;"Komunalne";"2013-01-03 09:06:23";"WOLA";"GÓRCZEWSKA"
317219,00;"Komunalne";"2013-01-03 09:07:46";"WOLA";"SOKOŁOWSKA"
317221,00;"Zakłócanie";"2013-01-03 09:09:47";"ŻOLIBORZ";"ZYGMUNTA  KRASIŃSKIEGO"
317223,00;"Spożywanie alkoholu";"2013-01-03 09:11:04";"BIELANY";"AL. WŁADYSŁAWA STANISŁAWA  REYMONTA"
317225,00;"Komunalne";"2013-01-03 09:13:48";"BIAŁOŁĘKA";"PŁOCHOCIŃSKA"
317230,00;"Komunalne";"2013-01-03 09:15:01";"BIAŁOŁĘKA";"ŚWIDERSKA"
317232,00;"Postój/zatrzymanie";"2013-01-03 09:16:20";"ŻOLIBORZ";"AL. WOJSKA POLSKIEGO"
317234,00;"Komunalne";"2013-01-03 09:17:40";"BIELANY";"OSIKOWA"
317235,00;"Komunalne";"2013-01-03 09:18:43";"ŚRÓDMIEŚCIE";"KOSZYKOWA"
317239,00;"Postój/zatrzymanie";"2013-01-03 09:21:21";"MOKOTÓW";"STAROŚCIŃSKA"
317241,00;"Komunalne";"2013-01-03 09:22:00";"BIAŁOŁĘKA";"ŚWIDERSKA"
317244,00;"Postój/zatrzymanie";"2013-01-03 09:24:38";"MOKOTÓW";"AL. NIEPODLEGŁOŚCI"
317245,00;"Holowanie";"2013-01-03 09:24:47";"ŚRÓDMIEŚCIE";"DZIKA"
317245,00;"Postój/zatrzymanie";"2013-01-03 09:24:47";"ŚRÓDMIEŚCIE";"DZIKA"
317246,00;"Komunalne";"2013-01-03 09:24:58";"PRAGA POŁUDNIE";"MAJDAŃSKA"
317247,00;"Postój/zatrzymanie";"2013-01-03 09:25:23";"ŚRÓDMIEŚCIE";"DOBRA"
317250,00;"Postój/zatrzymanie";"2013-01-03 09:28:08";"WILANÓW";"ADAMA  BRANICKIEGO"
317251,00;"Postój/zatrzymanie";"2013-01-03 09:28:18";"MOKOTÓW";"TADEUSZA  REJTANA"
317252,00;"Komunalne";"2013-01-03 09:29:39";"WOLA";"MIŁA"
317256,00;"Zdrowie";"2013-01-03 09:32:48";"BEMOWO";"SIEMIATYCKA"
317258,00;"Postój/zatrzymanie";"2013-01-03 09:33:51";"ŚRÓDMIEŚCIE";"DANIŁOWICZOWSKA"
317259,00;"Komunalne";"2013-01-03 09:34:24";"WAWER";"GARNCARSKA"
317261,00;"Postój/zatrzymanie";"2013-01-03 09:36:01";"PRAGA POŁUDNIE";"GEN. TADEUSZA BORA-KOMOROWSKIEGO"
317262,00;"Postój/zatrzymanie";"2013-01-03 09:37:04";"ŚRÓDMIEŚCIE";"WIEJSKA"
317263,00;"Komunalne";"2013-01-03 09:37:41";"PRAGA POŁUDNIE";"IGAŃSKA"
317266,00;"Holowanie";"2013-01-03 09:40:55";"MOKOTÓW";"WIŚNIOWA"
317266,00;"Postój/zatrzymanie";"2013-01-03 09:40:55";"MOKOTÓW";"WIŚNIOWA"
317267,00;"Komunalne";"2013-01-03 09:41:04";"URSUS";"KONOTOPSKA"
317272,00;"Postój/zatrzymanie";"2013-01-03 09:43:40";"WOLA";"BRYLOWSKA"
317273,00;"Postój/zatrzymanie";"2013-01-03 09:44:11";"PRAGA POŁUDNIE";"IGNACEGO  KRUSZEWSKIEGO"
317275,00;"Zwierzęta";"2013-01-03 09:44:26";"BEMOWO";"ROZŁOGI"
317276,00;"Postój/zatrzymanie";"2013-01-03 09:44:28";"MOKOTÓW";"ZAJĄCZKOWSKA"
317277,00;"Komunalne";"2013-01-03 09:44:48";"WŁOCHY";"PIANISTÓW"
317281,00;"Komunalne";"2013-01-03 09:48:00";"WŁOCHY";"NOTECKA"
317284,00;"Holowanie";"2013-01-03 09:51:42";"MOKOTÓW";"WOŁOSKA"
317284,00;"Postój/zatrzymanie";"2013-01-03 09:51:42";"MOKOTÓW";"WOŁOSKA"
317287,00;"Postój/zatrzymanie";"2013-01-03 09:52:28";"ŚRÓDMIEŚCIE";"FRASCATI"
317288,00;"Holowanie";"2013-01-03 09:53:59";"ŻOLIBORZ";"KŁODAWSKA"
317288,00;"Postój/zatrzymanie";"2013-01-03 09:53:59";"ŻOLIBORZ";"KŁODAWSKA"
317289,00;"Postój/zatrzymanie";"2013-01-03 09:54:09";"MOKOTÓW";"OLSZEWSKA"
317290,00;"Komunalne";"2013-01-03 09:55:26";"TARGÓWEK";"ŚW. WINCENTEGO"
317292,00;"Postój/zatrzymanie";"2013-01-03 09:57:02";"WAWER";"ALPEJSKA"
317294,00;"Postój/zatrzymanie";"2013-01-03 10:00:51";"WAWER";"WALCOWNICZA"
317295,00;"Postój/zatrzymanie";"2013-01-03 10:01:11";"ŚRÓDMIEŚCIE";"NOWOGRODZKA"
317296,00;"Komunalne";"2013-01-03 10:01:22";"BIELANY";"WOJCIECHA  BOGUSŁAWSKIEGO"
317297,00;"Postój/zatrzymanie";"2013-01-03 10:01:30";"PRAGA PÓŁNOC";"OTWOCKA"
317298,00;"Postój/zatrzymanie";"2013-01-03 10:02:53";"BIELANY";"PODLEŚNA"
317301,00;"Postój/zatrzymanie";"2013-01-03 10:04:41";"WŁOCHY";"FRANCISZKA  HYNKA"
317303,00;"Komunalne";"2013-01-03 10:06:38";"PRAGA POŁUDNIE";"KUTNOWSKA"
317304,00;"Komunalne";"2013-01-03 10:07:17";"BIAŁOŁĘKA";"POMORSKA"
317305,00;"Komunalne";"2013-01-03 10:08:20";"BIELANY";"WOJCIECHA  BOGUSŁAWSKIEGO"
317307,00;"Holowanie";"2013-01-03 10:11:15";"ŚRÓDMIEŚCIE";"MARSZAŁKOWSKA"
317307,00;"Postój/zatrzymanie";"2013-01-03 10:11:15";"ŚRÓDMIEŚCIE";"MARSZAŁKOWSKA"
317314,00;"Holowanie";"2013-01-03 10:15:51";"ŚRÓDMIEŚCIE";"MARIAŃSKA"
317314,00;"Postój/zatrzymanie";"2013-01-03 10:15:51";"ŚRÓDMIEŚCIE";"MARIAŃSKA"
317315,00;"Postój/zatrzymanie";"2013-01-03 10:16:16";"WOLA";"MARCINA  KASPRZAKA"
317316,00;"Komunalne";"2013-01-03 10:18:13";"MOKOTÓW";"ŚW. BONIFACEGO"
317317,00;"Postój/zatrzymanie";"2013-01-03 10:19:28";"WOLA";"DZIELNA"
317319,00;"Handel";"2013-01-03 10:21:04";"BIELANY";"WŁADYSŁAWA  BRONIEWSKIEGO"
317321,00;"Postój/zatrzymanie";"2013-01-03 10:23:28";"ŻOLIBORZ";"POTOCKA"
317324,00;"Postój/zatrzymanie";"2013-01-03 10:25:40";"MOKOTÓW";"KORSYKAŃSKA"
317325,00;"Postój/zatrzymanie";"2013-01-03 10:26:03";"URSYNÓW";"PASAŻ URSYNOWSKI"
317326,00;"Zdrowie";"2013-01-03 10:26:57";"BIELANY";"JOSEPHA  CONRADA"
317327,00;"Holowanie";"2013-01-03 10:27:10";"MOKOTÓW";"DOMANIEWSKA"
317327,00;"Postój/zatrzymanie";"2013-01-03 10:27:10";"MOKOTÓW";"DOMANIEWSKA"
317328,00;"Postój/zatrzymanie";"2013-01-03 10:28:45";"ŚRÓDMIEŚCIE";"POKORNA"
317329,00;"Holowanie";"2013-01-03 10:29:45";"MOKOTÓW";"WIŚNIOWA"
317329,00;"Postój/zatrzymanie";"2013-01-03 10:29:45";"MOKOTÓW";"WIŚNIOWA"
317331,00;"Komunalne";"2013-01-03 10:31:09";"MOKOTÓW";"OBRZEŻNA"
317333,00;"Postój/zatrzymanie";"2013-01-03 10:31:41";"OCHOTA";"ADOLFA  PAWIŃSKIEGO"
317334,00;"Holowanie";"2013-01-03 10:31:57";"ŚRÓDMIEŚCIE";"DZIKA"
317334,00;"Postój/zatrzymanie";"2013-01-03 10:31:57";"ŚRÓDMIEŚCIE";"DZIKA"
317336,00;"Awarie";"2013-01-03 10:32:14";"BIELANY";"JANA  KASPROWICZA"
317338,00;"Awarie";"2013-01-03 10:33:29";"PRAGA PÓŁNOC";"WYBRZEŻE HELSKIE"
317341,00;"Komunalne";"2013-01-03 10:35:09";"BIELANY";"JOSEPHA  CONRADA"
317342,00;"Postój/zatrzymanie";"2013-01-03 10:35:56";"WOLA";"ŻYTNIA"
317343,00;"Holowanie";"2013-01-03 10:36:31";"ŚRÓDMIEŚCIE";"MARSZAŁKOWSKA"
317343,00;"Postój/zatrzymanie";"2013-01-03 10:36:31";"ŚRÓDMIEŚCIE";"MARSZAŁKOWSKA"
317344,00;"Postój/zatrzymanie";"2013-01-03 10:36:39";"PRAGA POŁUDNIE";"ŚWIĘTOSŁAWSKA"
317345,00;"Komunalne";"2013-01-03 10:36:58";"ŚRÓDMIEŚCIE";"PIWNA"
317348,00;"Postój/zatrzymanie";"2013-01-03 10:39:06";"OCHOTA";"POWSTAŃCÓW WIELKOPOLSKICH"
317351,00;"Postój/zatrzymanie";"2013-01-03 10:41:29";"ŚRÓDMIEŚCIE";"JÓZEFA  LEWARTOWSKIEGO"
317354,00;"Handel";"2013-01-03 10:43:28";"PRAGA POŁUDNIE";"GROCHOWSKA"
317355,00;"Postój/zatrzymanie";"2013-01-03 10:43:30";"OCHOTA";"ALEJE JEROZOLIMSKIE"
317361,00;"Postój/zatrzymanie";"2013-01-03 10:45:38";"ŻOLIBORZ";"JANA  JEZIORAŃSKIEGO"
317363,00;"Postój/zatrzymanie";"2013-01-03 10:47:52";"BIAŁOŁĘKA";"ODKRYTA"
317364,00;"Komunalne";"2013-01-03 10:49:36";"PRAGA POŁUDNIE";"CHODAKOWSKA"
317365,00;"Komunalne";"2013-01-03 10:49:39";"BIELANY";"JANA  KASPROWICZA"
317366,00;"Postój/zatrzymanie";"2013-01-03 10:50:55";"MOKOTÓW";"WIŚNIOWA"
317367,00;"Postój/zatrzymanie";"2013-01-03 10:51:02";"URSYNÓW";"STEFANA  SZOLC-ROGOZIŃSKIEGO"
317368,00;"Komunalne";"2013-01-03 10:54:16";"TARGÓWEK";"RZEPICHY"
317370,00;"Komunalne";"2013-01-03 10:55:45";"ŻOLIBORZ";"KS. ZYGMUNTA TRÓSZYŃSKIEGO"
317371,00;"Zdrowie";"2013-01-03 10:56:31";"ŻOLIBORZ";"AL. WOJSKA POLSKIEGO"
317372,00;"Komunalne";"2013-01-03 10:56:53";"WAWER";"SOBIERAJSKA"
317375,00;"Komunalne";"2013-01-03 10:58:42";"PRAGA POŁUDNIE";"LUBELSKA"
317377,00;"Komunikacja";"2013-01-03 10:59:57";"BIELANY";"WÓLCZYŃSKA"
317379,00;"Holowanie";"2013-01-03 11:01:36";"OCHOTA";"AL. NIEPODLEGŁOŚCI"
317379,00;"Postój/zatrzymanie";"2013-01-03 11:01:36";"OCHOTA";"AL. NIEPODLEGŁOŚCI"
317380,00;"Komunalne";"2013-01-03 11:01:43";"WILANÓW";"ŁUKASZA  DREWNY"
317382,00;"Postój/zatrzymanie";"2013-01-03 11:03:24";"WAWER";"BURSZTYNOWA"
317384,00;"Holowanie";"2013-01-03 11:04:08";"MOKOTÓW";"WOŁOSKA"
317384,00;"Postój/zatrzymanie";"2013-01-03 11:04:08";"MOKOTÓW";"WOŁOSKA"
317385,00;"Postój/zatrzymanie";"2013-01-03 11:05:34";"ŚRÓDMIEŚCIE";"CZERWONEGO KRZYŻA"
317386,00;"Komunalne";"2013-01-03 11:05:58";"REMBERTÓW";"BELLONY"
317387,00;"Holowanie";"2013-01-03 11:06:04";"MOKOTÓW";"POSTĘPU"
317387,00;"Postój/zatrzymanie";"2013-01-03 11:06:04";"MOKOTÓW";"POSTĘPU"
317389,00;"Komunalne";"2013-01-03 11:07:42";"WŁOCHY";"GŁADKA"
317391,00;"Postój/zatrzymanie";"2013-01-03 11:08:00";"MOKOTÓW";"SANDOMIERSKA"
317392,00;"Spożywanie alkoholu";"2013-01-03 11:08:39";"MOKOTÓW";"PUŁAWSKA"
317392,00;"Zdrowie";"2013-01-03 11:08:39";"MOKOTÓW";"PUŁAWSKA"
317393,00;"Komunalne";"2013-01-03 11:10:04";"WAWER";"KRÓLA KAZIMIERZA"
317394,00;"Komunalne";"2013-01-03 11:11:18";"WAWER";"HOMERA"
317395,00;"Postój/zatrzymanie";"2013-01-03 11:13:06";"WOLA";"LUDWIKI"
317396,00;"Postój/zatrzymanie";"2013-01-03 11:13:12";"PRAGA POŁUDNIE";"FRANCUSKA"
317398,00;"Awarie";"2013-01-03 11:13:33";"TARGÓWEK";"OLIWSKA"
317400,00;"Postój/zatrzymanie";"2013-01-03 11:14:24";"PRAGA POŁUDNIE";"GEN. AUGUSTA EMILA FIELDORFA"
317403,00;"Postój/zatrzymanie";"2013-01-03 11:15:13";"MOKOTÓW";"RÓŻANA"
317404,00;"Handel";"2013-01-03 11:16:13";"MOKOTÓW";"PUŁAWSKA"
317408,00;"Postój/zatrzymanie";"2013-01-03 11:18:06";"PRAGA PÓŁNOC";"PL. GEN. JÓZEFA HALLERA"
317413,00;"Postój/zatrzymanie";"2013-01-03 11:19:52";"ŚRÓDMIEŚCIE";"DOBRA"
317414,00;"Holowanie";"2013-01-03 11:20:37";"MOKOTÓW";"RAKOWIECKA"
317414,00;"Postój/zatrzymanie";"2013-01-03 11:20:37";"MOKOTÓW";"RAKOWIECKA"
317415,00;"Komunalne";"2013-01-03 11:20:47";"PRAGA POŁUDNIE";"AL. ZIELENIECKA"
317416,00;"Komunalne";"2013-01-03 11:21:01";"BIELANY";"WŁADYSŁAWA  BRONIEWSKIEGO"
317417,00;"Awarie";"2013-01-03 11:21:55";"ŻOLIBORZ";"GDAŃSKA"
317418,00;"Postój/zatrzymanie";"2013-01-03 11:23:12";"URSYNÓW";"AL. KOMISJI EDUKACJI NARODOWEJ"
317419,00;"Nieletni";"2013-01-03 11:23:26";"BIELANY";"LEOPOLDA  STAFFA"
317420,00;"Postój/zatrzymanie";"2013-01-03 11:23:54";"PRAGA POŁUDNIE";"ŻUPNICZA"
317423,00;"Postój/zatrzymanie";"2013-01-03 11:27:21";"BEMOWO";"OKRĘTOWA"
317424,00;"Komunikacja";"2013-01-03 11:27:47";"ŚRÓDMIEŚCIE";"AL. JANA PAWŁA II"
317426,00;"Postój/zatrzymanie";"2013-01-03 11:28:36";"PRAGA POŁUDNIE";"DOBROWOJA"
317427,00;"Postój/zatrzymanie";"2013-01-03 11:29:13";"WAWER";"TĘCZOWA"
317428,00;"Komunalne";"2013-01-03 11:29:24";"WŁOCHY";"17 STYCZNIA"
317429,00;"Postój/zatrzymanie";"2013-01-03 11:30:06";"OCHOTA";"MOŁDAWSKA"
317431,00;"Postój/zatrzymanie";"2013-01-03 11:30:52";"OCHOTA";"PROF. HENRYKA MIERZEJEWSKIEGO"
317433,00;"Postój/zatrzymanie";"2013-01-03 11:31:25";"ŚRÓDMIEŚCIE";"SOLEC"
317436,00;"Postój/zatrzymanie";"2013-01-03 11:34:48";"ŚRÓDMIEŚCIE";"LUDWIKA  ZAMENHOFA"
317437,00;"Postój/zatrzymanie";"2013-01-03 11:36:38";"OCHOTA";"JANKOWSKA"
317438,00;"Postój/zatrzymanie";"2013-01-03 11:37:27";"MOKOTÓW";"PORY"
317440,00;"Holowanie";"2013-01-03 11:37:35";"MOKOTÓW";"WIŚNIOWA"
317440,00;"Postój/zatrzymanie";"2013-01-03 11:37:35";"MOKOTÓW";"WIŚNIOWA"
317442,00;"Holowanie";"2013-01-03 11:39:29";"ŚRÓDMIEŚCIE";"MARSZAŁKOWSKA"
317442,00;"Postój/zatrzymanie";"2013-01-03 11:39:29";"ŚRÓDMIEŚCIE";"MARSZAŁKOWSKA"
317445,00;"Postój/zatrzymanie";"2013-01-03 11:40:38";"ŻOLIBORZ";"STEFANA  CZARNIECKIEGO"
317448,00;"Postój/zatrzymanie";"2013-01-03 11:41:49";"MOKOTÓW";"ŚW. SZCZEPANA"
317449,00;"Holowanie";"2013-01-03 11:41:59";"ŚRÓDMIEŚCIE";"MARIAŃSKA"
317449,00;"Postój/zatrzymanie";"2013-01-03 11:41:59";"ŚRÓDMIEŚCIE";"MARIAŃSKA"
317453,00;"Postój/zatrzymanie";"2013-01-03 11:45:54";"MOKOTÓW";"MELSZTYŃSKA"
317456,00;"Postój/zatrzymanie";"2013-01-03 11:48:35";"ŚRÓDMIEŚCIE";"NOWOGRODZKA"
317458,00;"Postój/zatrzymanie";"2013-01-03 11:50:38";"MOKOTÓW";"TAŚMOWA"
317461,00;"Postój/zatrzymanie";"2013-01-03 11:51:52";"PRAGA PÓŁNOC";"STALOWA"
317462,00;"Postój/zatrzymanie";"2013-01-03 11:52:22";"ŚRÓDMIEŚCIE";"ŚW. BARBARY"
317465,00;"Awarie";"2013-01-03 11:54:50";"REMBERTÓW";"AL. GEN. ANTONIEGO CHRUŚCIELA ""MONTERA"""
317467,00;"Komunalne";"2013-01-03 11:57:21";"REMBERTÓW";"PŁATNERSKA"
317469,00;"Komunalne";"2013-01-03 11:58:35";"WAWER";"ZORZY"
317470,00;"Komunalne";"2013-01-03 11:58:42";"REMBERTÓW";"ZYGMUNTA III"
317472,00;"Postój/zatrzymanie";"2013-01-03 12:04:11";"MOKOTÓW";"MELSZTYŃSKA"
317473,00;"Nieletni";"2013-01-03 12:04:15";"BIELANY";"LEOPOLDA  STAFFA"
317475,00;"Holowanie";"2013-01-03 12:04:39";"MOKOTÓW";"WYNALAZEK"
317475,00;"Postój/zatrzymanie";"2013-01-03 12:04:39";"MOKOTÓW";"WYNALAZEK"
317479,00;"Komunalne";"2013-01-03 12:09:03";"PRAGA POŁUDNIE";"ZWYCIĘZCÓW"
317481,00;"Postój/zatrzymanie";"2013-01-03 12:10:32";"ŚRÓDMIEŚCIE";"CHMIELNA"
317482,00;"Holowanie";"2013-01-03 12:13:00";"MOKOTÓW";"POSTĘPU"
317482,00;"Postój/zatrzymanie";"2013-01-03 12:13:00";"MOKOTÓW";"POSTĘPU"
317487,00;"Postój/zatrzymanie";"2013-01-03 12:17:35";"WOLA";"DZIELNA"
317488,00;"Postój/zatrzymanie";"2013-01-03 12:17:48";"ŚRÓDMIEŚCIE";"PODWALE"
317492,00;"Zdrowie";"2013-01-03 12:20:51";"BEMOWO";"RAGINISA WŁADYSŁAWA"
317495,00;"Holowanie";"2013-01-03 12:23:26";"ŚRÓDMIEŚCIE";"PL. GRZYBOWSKI"
317495,00;"Postój/zatrzymanie";"2013-01-03 12:23:26";"ŚRÓDMIEŚCIE";"PL. GRZYBOWSKI"
317497,00;"Komunalne";"2013-01-03 12:24:17";"ŻOLIBORZ";"AL. WOJSKA POLSKIEGO"
317498,00;"Postój/zatrzymanie";"2013-01-03 12:24:34";"WOLA";"SZARYCH SZEREGÓW"
317499,00;"Awarie";"2013-01-03 12:25:57";"ŻOLIBORZ";"JULIUSZA  SŁOWACKIEGO"
317501,00;"Holowanie";"2013-01-03 12:26:41";"MOKOTÓW";"POSTĘPU"
317501,00;"Postój/zatrzymanie";"2013-01-03 12:26:41";"MOKOTÓW";"POSTĘPU"
317502,00;"Komunalne";"2013-01-03 12:26:57";"ŻOLIBORZ";"JULIUSZA  SŁOWACKIEGO"
317503,00;"Komunalne";"2013-01-03 12:27:43";"TARGÓWEK";"RZEPICHY"
317504,00;"Komunalne";"2013-01-03 12:28:04";"ŻOLIBORZ";"POTOCKA"
317505,00;"Komunalne";"2013-01-03 12:29:03";"ŻOLIBORZ";"ADAMA  MICKIEWICZA"
317506,00;"Postój/zatrzymanie";"2013-01-03 12:29:05";"ŚRÓDMIEŚCIE";"DZIELNA"
317507,00;"Postój/zatrzymanie";"2013-01-03 12:29:27";"ŚRÓDMIEŚCIE";"OKRĄG"
317509,00;"Postój/zatrzymanie";"2013-01-03 12:30:34";"ŚRÓDMIEŚCIE";"KRAKOWSKIE PRZEDMIEŚCIE"
317510,00;"Postój/zatrzymanie";"2013-01-03 12:30:35";"ŚRÓDMIEŚCIE";"MARSZAŁKOWSKA"
317512,00;"Komunalne";"2013-01-03 12:34:20";"ŚRÓDMIEŚCIE";"INFLANCKA"
317513,00;"Komunalne";"2013-01-03 12:35:11";"ŚRÓDMIEŚCIE";"PODWALE"
317515,00;"Zdrowie";"2013-01-03 12:37:03";"PRAGA POŁUDNIE";"JAKUBOWSKA"
317516,00;"Awarie";"2013-01-03 12:37:57";"URSYNÓW";"TANECZNA"
317517,00;"Komunalne";"2013-01-03 12:38:08";"OCHOTA";"WAWELSKA"
317519,00;"Postój/zatrzymanie";"2013-01-03 12:39:17";"ŚRÓDMIEŚCIE";"ROZBRAT"
317522,00;"Zwierzęta";"2013-01-03 12:39:54";"BIELANY";"WŁADYSŁAWA  BRONIEWSKIEGO"
317523,00;"Holowanie";"2013-01-03 12:39:57";"OCHOTA";"AL. NIEPODLEGŁOŚCI"
317523,00;"Postój/zatrzymanie";"2013-01-03 12:39:57";"OCHOTA";"AL. NIEPODLEGŁOŚCI"
317525,00;"Postój/zatrzymanie";"2013-01-03 12:41:12";"ŚRÓDMIEŚCIE";"KOSZYKOWA"
317527,00;"Holowanie";"2013-01-03 12:43:38";"MOKOTÓW";"POSTĘPU"
317527,00;"Postój/zatrzymanie";"2013-01-03 12:43:38";"MOKOTÓW";"POSTĘPU"
317528,00;"Komunalne";"2013-01-03 12:45:47";"OCHOTA";"WAWELSKA"
